100,2.000000,338.000000,383.533325,383.533325,160.000000,102.657303,424.195038,44.231758,179.893677,216.668335,240.000000,323.000000,505.000000,
102,2.000000,585.000000,515.599976,543.400024,80.000000,126.342354,412.578094,-20.085243,372.449005,340.700836,409.000000,513.000000,795.000000,
102,2.000000,597.000000,159.090912,180.545456,72.727272,130.188644,255.596252,-2.768373,52.191277,693.580078,-6.000000,203.000000,350.000000,
102,2.000000,875.000000,17.133333,85.933334,106.666672,190.500610,587.370117,-25.764267,13.285667,894.036743,-25.000000,21.000000,94.000000,
100,2.000000,751.000000,909.700012,909.700012,160.000000,-90.771255,327.757294,1.961002,864.768188,954.058899,748.000000,966.000000,1049.000000,
100,2.000000,356.000000,193.199997,193.199997,160.000000,-43.544960,220.764374,-9.528315,49.872803,567.098999,75.000000,265.000000,294.000000,
101,2.000000,290.000000,400.647064,400.647064,188.235291,95.076363,398.685181,6.147374,173.425247,1725.380127,338.000000,391.000000,508.000000,
102,2.000000,417.000000,327.142853,356.000000,57.142860,164.786667,387.704132,-32.439266,164.998581,547.825684,167.000000,405.000000,497.000000,
100,2.000000,396.000000,264.272736,264.272736,145.454544,56.306702,507.582428,50.250374,76.312279,436.283478,213.000000,231.000000,293.000000,
102,2.000000,591.000000,370.666656,389.166656,66.666672,159.119095,247.420715,-3.711501,232.293686,429.983124,75.000000,511.000000,673.000000,
100,2.000000,850.000000,281.066681,281.066681,160.000000,-80.659798,566.566040,46.696392,110.664932,1571.230469,177.000000,272.000000,373.000000,
101,2.000000,594.000000,-626.909119,626.909119,109.090912,31.950060,641.112732,-60.635410,398.045288,789.518066,-670.000000,-604.000000,-561.000000,
101,2.000000,656.000000,326.000000,326.000000,290.909088,-51.084457,307.671967,1.552733,112.763100,1218.928223,284.000000,308.000000,422.000000,
102,2.000000,389.000000,318.461548,326.153839,123.076927,102.144020,444.105713,0.415011,142.180923,358.017029,207.000000,326.000000,389.000000,
100,2.000000,544.000000,320.399994,320.399994,53.333336,-107.935265,495.125854,48.462505,141.106140,322.859558,162.000000,253.000000,482.000000,
100,2.000000,402.000000,363.250000,363.250000,100.000000,-11.359151,327.009705,-22.048391,150.078262,320.369507,234.000000,416.000000,452.000000,
100,2.000000,382.000000,412.333344,412.333344,100.000000,-76.803131,380.392395,24.085848,211.767181,135.523331,263.000000,377.000000,616.000000,
102,2.000000,1028.000000,248.312500,334.312500,50.000000,256.738190,293.698639,26.256886,213.196442,625.176086,-8.000000,74.000000,767.000000,
100,2.000000,673.000000,-824.200012,824.200012,120.000008,44.968647,334.227997,32.061798,769.242432,773.608643,-1105.000000,-885.000000,-634.000000,
102,2.000000,512.000000,181.875000,266.125000,75.000000,-2.286667,323.495758,5.500484,104.699379,843.027710,43.000000,182.000000,467.000000,
102,2.000000,396.000000,267.666656,267.666656,133.333344,199.752731,487.865723,55.762196,85.109840,565.409729,188.000000,249.000000,324.000000,
100,2.000000,469.000000,334.200012,334.200012,160.000000,167.656052,266.548859,29.704563,145.938599,343.415833,189.000000,254.000000,523.000000,
100,2.000000,404.000000,265.909088,265.909088,72.727272,85.581306,560.666382,66.529350,128.980286,424.016937,74.000000,211.000000,302.000000,
101,2.000000,414.000000,255.750000,255.750000,133.333344,166.670822,365.046326,13.070033,76.494591,1119.701538,216.000000,253.000000,356.000000,
100,2.000000,750.000000,-490.700012,578.599976,80.000000,75.430214,855.752930,83.440544,371.025024,911.729431,-692.000000,-530.000000,-472.000000,
103,2.000000,460.000000,368.000000,368.000000,72.727272,-268.410980,351.209839,23.399094,168.839645,358.388214,172.000000,322.000000,539.000000,
102,2.000000,401.000000,249.769226,288.846161,61.538464,223.803680,474.940552,-29.461195,101.857773,491.349701,207.000000,276.000000,359.000000,
102,2.000000,664.000000,291.500000,311.299988,160.000000,198.684875,278.233429,-30.871958,132.787506,867.423645,28.000000,406.000000,456.000000,
103,2.000000,433.000000,346.600006,346.600006,240.000015,-106.800613,324.163483,11.188827,127.261803,354.207611,269.000000,377.000000,387.000000,
102,2.000000,471.000000,322.500000,322.500000,80.000000,96.525795,469.419281,15.540008,129.385712,685.036865,234.000000,300.000000,368.000000,
100,2.000000,962.000000,336.700012,336.700012,120.000008,128.425064,972.938354,98.367424,124.555305,210.943909,282.000000,329.000000,351.000000,
101,2.000000,487.000000,-671.214294,671.214294,85.714287,157.850815,316.423309,7.633361,488.211517,1212.441162,-832.000000,-626.000000,-490.000000,
100,2.000000,244.000000,278.636353,278.636353,109.090912,93.605133,315.577850,-10.379231,85.757729,432.009216,178.000000,286.000000,388.000000,
101,2.000000,866.000000,-704.615356,704.615356,276.923096,20.618282,541.226685,43.620129,500.635864,730.502075,-745.000000,-712.000000,-686.000000,
100,2.000000,407.000000,361.818176,361.818176,145.454544,-188.613541,266.527161,-4.308040,142.285812,88.340096,243.000000,382.000000,462.000000,
102,2.000000,481.000000,175.727280,232.818176,181.818192,196.353363,485.166748,-57.918839,59.682457,502.808411,139.000000,208.000000,304.000000,
102,2.000000,413.000000,267.307678,267.307678,153.846161,169.738770,357.570892,-26.077177,93.177467,646.002563,203.000000,302.000000,356.000000,
100,2.000000,584.000000,312.090912,312.090912,72.727272,60.647057,353.995453,51.759327,190.758469,257.823364,94.000000,174.000000,708.000000,
100,2.000000,638.000000,161.250000,182.583328,200.000000,182.393967,510.269653,46.352852,58.166752,1068.721802,70.000000,98.000000,281.000000,
102,2.000000,546.000000,157.363632,178.272720,145.454544,64.975639,596.171692,35.311176,49.761913,631.422424,49.000000,155.000000,276.000000,
102,2.000000,420.000000,198.800003,198.800003,240.000015,141.091339,345.090759,-15.321949,48.330402,586.063354,150.000000,207.000000,261.000000,
100,2.000000,409.000000,293.545441,293.545441,145.454544,35.339241,420.832581,24.890265,100.515732,260.145020,223.000000,274.000000,377.000000,
102,2.000000,380.000000,382.000000,409.230774,30.769232,50.013828,552.351685,-15.573340,211.365402,505.916016,320.000000,354.000000,487.000000,
100,2.000000,275.000000,176.399994,176.399994,160.000000,11.296107,334.021393,7.108187,42.944401,548.186646,86.000000,181.000000,259.000000,
103,2.000000,728.000000,970.200012,970.200012,200.000000,-213.671616,321.376648,31.553339,958.660645,518.830627,850.000000,934.000000,1057.000000,
100,2.000000,408.000000,228.538467,228.538467,123.076927,28.665504,413.735046,-18.504631,62.839619,469.561249,187.000000,266.000000,272.000000,
100,2.000000,654.000000,431.500000,431.500000,50.000000,24.032106,224.610138,9.310749,285.314026,221.573639,108.000000,481.000000,746.000000,
100,2.000000,409.000000,214.500000,235.899994,160.000000,115.653381,338.451752,23.996248,98.208107,1249.073975,34.000000,226.000000,425.000000,
100,2.000000,538.000000,946.599976,946.599976,200.000000,-67.822479,305.350800,-17.605106,928.468689,1602.433594,782.000000,1025.000000,1064.000000,
103,2.000000,693.000000,892.000000,892.000000,80.000000,-39.393902,371.158081,-16.423058,816.056030,306.664703,821.000000,919.000000,993.000000,
102,2.000000,504.000000,198.300003,290.500000,80.000000,256.233093,331.128265,-32.553497,102.605507,473.869202,-72.000000,320.000000,379.000000,
100,2.000000,411.000000,227.300003,227.300003,280.000000,-83.474121,314.428864,26.919428,54.152504,524.355042,192.000000,216.000000,279.000000,
100,2.000000,761.000000,850.842102,850.842102,84.210526,-144.552673,342.195251,-17.804626,843.661926,1369.949097,469.000000,928.000000,1140.000000,
100,2.000000,570.000000,342.153839,350.769226,123.076927,-18.109873,332.084564,11.392140,191.335846,1621.330566,84.000000,358.000000,513.000000,
102,2.000000,514.000000,-21.727272,95.727272,218.181824,108.205460,479.577026,35.362400,15.307728,1406.173462,-100.000000,-28.000000,-6.000000,
100,2.000000,425.000000,230.699997,230.699997,80.000000,30.105473,317.576416,33.755680,73.746704,378.772430,112.000000,197.000000,388.000000,
102,2.000000,574.000000,114.384613,133.000000,184.615387,-66.948189,378.441650,30.859924,32.361771,661.454712,-4.000000,100.000000,200.000000,
102,2.000000,587.000000,130.529419,234.176468,47.058823,224.980896,338.225037,21.258987,92.268654,1013.823547,-86.000000,59.000000,359.000000,
104,2.000000,287.000000,361.181824,361.181824,218.181824,193.243271,364.091217,8.745097,145.116455,1555.021606,252.000000,371.000000,448.000000,
101,2.000000,856.000000,-809.000000,809.000000,153.846161,230.945801,362.579987,-44.010056,661.345154,713.814087,-839.000000,-756.000000,-749.000000,
101,2.000000,281.000000,210.300003,210.300003,240.000015,158.719910,389.052429,18.210037,53.360901,1389.512939,147.000000,193.000000,292.000000,
104,2.000000,666.000000,-909.900024,909.900024,80.000000,117.200233,456.781250,57.652142,842.859375,1159.511841,-987.000000,-964.000000,-829.000000,
102,2.000000,467.000000,251.500000,256.214294,200.000000,232.904434,460.386414,31.463396,101.092796,436.242249,109.000000,252.000000,395.000000,
102,2.000000,574.000000,183.461533,218.230774,184.615387,-12.035589,671.630737,-36.438999,60.351002,753.602051,127.000000,171.000000,297.000000,
101,2.000000,1129.000000,-411.742432,584.045471,24.242424,-81.050926,703.144043,77.102585,397.026398,1367.329468,-754.000000,-632.000000,-200.000000,
100,2.000000,439.000000,276.916656,276.916656,133.333344,-36.859264,263.401184,-21.247377,91.766594,546.383484,201.000000,357.000000,381.000000,
102,2.000000,445.000000,274.692322,299.769226,61.538464,234.756226,534.234192,-31.799370,109.720543,691.610718,203.000000,224.000000,436.000000,
100,2.000000,487.000000,335.700012,335.700012,120.000008,245.333618,310.722931,15.229589,135.743301,256.377502,199.000000,360.000000,425.000000,
103,2.000000,1044.000000,865.000000,865.000000,200.000000,-216.650803,741.501465,53.082687,761.007324,257.860504,815.000000,880.000000,887.000000,
100,2.000000,496.000000,243.000000,243.000000,133.333344,-69.849136,597.593323,-10.124427,69.959671,596.790588,213.000000,231.000000,293.000000,
102,2.000000,634.000000,254.769226,269.692322,184.615387,163.864380,807.046814,-41.075302,83.290771,480.827972,201.000000,265.000000,319.000000,
100,2.000000,346.000000,229.636368,229.636368,145.454544,6.524571,240.810944,17.434338,66.247459,621.039490,125.000000,198.000000,377.000000,
104,2.000000,413.000000,412.750000,412.750000,133.333344,213.053436,525.812500,49.274391,234.567596,1599.814453,224.000000,360.000000,647.000000,
100,2.000000,634.000000,444.799988,444.799988,80.000000,119.625656,358.705078,-24.506104,214.810211,34.326000,328.000000,489.000000,527.000000,
104,2.000000,708.000000,-739.818176,739.818176,72.727272,204.439102,243.437836,8.632685,690.450989,1021.166870,-1091.000000,-871.000000,-378.000000,
102,2.000000,607.000000,119.153847,293.000000,61.538464,211.363708,233.551208,-8.042883,104.329308,666.394958,-180.000000,259.000000,378.000000,
103,2.000000,917.000000,763.666687,763.666687,200.000000,50.628479,319.346497,1.488803,599.529541,32.558002,686.000000,802.000000,858.000000,
102,2.000000,244.000000,251.899994,266.899994,80.000000,106.794807,397.336792,-21.973661,89.126503,403.670319,153.000000,272.000000,391.000000,
100,2.000000,335.000000,290.100006,290.100006,160.000000,52.974682,326.015533,10.013326,116.154305,369.102936,130.000000,331.000000,396.000000,
102,2.000000,500.000000,240.399994,254.666672,106.666672,144.193024,420.758240,25.898994,106.567474,581.581177,37.000000,217.000000,401.000000,
104,2.000000,468.000000,509.352936,509.352936,117.647064,220.026627,356.117920,23.216312,369.518433,1920.310669,212.000000,483.000000,806.000000,
100,2.000000,617.000000,390.250000,390.250000,66.666672,3.595170,620.070007,-65.284729,160.385590,70.727669,355.000000,427.000000,473.000000,
100,2.000000,275.000000,260.000000,260.000000,160.000000,80.779854,213.765900,7.424805,83.488205,444.536011,143.000000,292.000000,392.000000,
100,2.000000,861.000000,412.636353,412.636353,145.454544,-152.563507,402.227783,18.792130,194.643204,2312.138428,299.000000,429.000000,520.000000,
105,2.000000,818.000000,-863.700012,863.700012,240.000015,-100.140495,369.516113,-30.867847,756.029541,1864.051758,-900.000000,-845.000000,-766.000000,
105,2.000000,1100.000000,-942.799988,942.799988,106.666672,181.640610,286.979950,28.496656,982.445679,1817.194946,-1198.000000,-1091.000000,-546.000000,
100,2.000000,823.000000,53.285713,370.142853,57.142860,-142.173309,491.224854,1.119077,210.400589,1108.756958,-252.000000,185.000000,310.000000,
100,2.000000,429.000000,572.700012,572.700012,80.000000,265.640930,333.335175,-28.439661,393.082520,1943.267334,362.000000,680.000000,775.000000,
100,2.000000,332.000000,294.142853,294.142853,85.714287,54.761921,398.570618,9.927836,105.028435,474.222076,198.000000,314.000000,358.000000,
100,2.000000,402.000000,475.700012,475.700012,200.000000,10.399538,306.731293,15.469962,243.748306,1853.282471,346.000000,467.000000,581.000000,
104,2.000000,380.000000,425.727264,425.727264,145.454544,201.310318,328.548798,15.784970,192.149368,1938.337646,308.000000,412.000000,515.000000,
104,2.000000,673.000000,-487.899994,487.899994,80.000000,109.377029,259.984985,-8.588851,339.172119,481.638031,-838.000000,-353.000000,-210.000000,
104,2.000000,424.000000,463.272736,463.272736,145.454544,284.638794,311.845245,10.922164,265.758911,1568.019897,210.000000,492.000000,704.000000,
104,2.000000,599.000000,-761.500000,761.500000,57.142860,126.247688,390.347534,22.409630,662.028503,1613.965820,-942.000000,-849.000000,-551.000000,
100,2.000000,514.000000,-568.285706,568.285706,114.285721,81.537010,326.690277,-5.381644,337.898163,1656.174927,-668.000000,-526.000000,-497.000000,
101,2.000000,727.000000,-720.076904,720.076904,92.307693,208.369415,190.933350,-6.769994,553.889160,646.117310,-911.000000,-590.000000,-550.000000,
100,2.000000,387.000000,284.899994,297.899994,80.000000,187.299698,311.418793,1.400945,129.968109,1379.445312,131.000000,348.000000,431.000000,
300,2.000000,856.000000,134.800003,351.000000,40.000000,-248.228943,605.184753,-74.929878,146.355408,1458.334473,135.000000,277.000000,374.000000,
105,2.000000,323.000000,436.500000,436.500000,160.000000,227.908875,280.362091,8.009634,205.987717,1783.710327,348.000000,485.000000,536.000000,
300,2.000000,1885.000000,1144.800049,1144.800049,80.000000,-64.123779,242.663452,-7.781412,1686.190674,1698.164795,545.000000,1433.000000,1685.000000,
104,2.000000,387.000000,338.142853,338.142853,171.428574,126.417389,350.654205,19.751036,133.223724,1709.012085,241.000000,321.000000,407.000000,
100,2.000000,977.000000,-278.275848,373.103455,55.172413,9.437228,580.968933,67.224945,161.388977,1049.935913,-463.000000,-418.000000,-80.000000,
100,2.000000,414.000000,221.000000,221.000000,80.000000,216.525345,300.007690,21.671879,71.717400,249.336609,106.000000,163.000000,367.000000,
104,2.000000,1633.000000,-349.583344,670.416687,100.000000,2.255790,1054.490356,97.152832,728.997070,911.654236,-920.000000,-314.000000,-176.000000,
300,2.000000,928.000000,-140.181824,295.818176,72.727272,-280.896118,324.039642,-23.752731,137.440918,1211.506348,-438.000000,-61.000000,196.000000,
105,2.000000,323.000000,-771.187500,771.187500,100.000000,19.226460,374.675110,11.734223,628.728577,1197.869019,-892.000000,-740.000000,-668.000000,
100,2.000000,431.000000,412.200012,420.399994,160.000000,188.755951,357.891144,-22.646866,225.092010,1865.426880,207.000000,514.000000,622.000000,
105,2.000000,575.000000,-657.799988,657.799988,80.000000,193.411789,228.701691,6.933864,528.503418,1691.887695,-1000.000000,-711.000000,-278.000000,
100,2.000000,845.000000,-985.799988,985.799988,160.000000,-190.490005,417.354858,45.940113,991.668701,1544.435425,-1111.000000,-1013.000000,-848.000000,
100,2.000000,662.000000,523.272705,524.363647,145.454544,117.485527,738.916565,-64.530441,315.975830,2108.112305,447.000000,526.000000,659.000000,
104,2.000000,846.000000,-693.454529,693.454529,109.090912,16.380148,259.585266,25.421022,670.348999,1259.181152,-1130.000000,-883.000000,-189.000000,
100,2.000000,726.000000,-192.029419,422.617645,47.058823,66.017517,298.403503,-12.939253,270.014313,977.039917,-782.000000,-90.000000,243.000000,
104,2.000000,494.000000,-722.000000,722.000000,100.000000,83.877632,378.821899,5.612571,587.118652,1117.868286,-856.000000,-743.000000,-498.000000,
320,2.000000,369.000000,509.666656,509.666656,133.333344,-247.015137,346.409576,-17.651085,330.337006,396.238281,387.000000,603.000000,765.000000,
101,2.000000,373.000000,-756.200012,756.200012,80.000000,150.442810,526.749512,34.259602,580.523865,1131.553467,-801.000000,-766.000000,-711.000000,
100,2.000000,401.000000,770.333313,770.333313,133.333344,105.258453,284.482971,-4.459516,626.664551,2372.210693,590.000000,813.000000,931.000000,
320,2.000000,1024.000000,760.000000,760.000000,80.000000,-266.335419,290.867279,17.712734,715.717407,442.400848,450.000000,733.000000,1039.000000,
320,2.000000,673.000000,-446.899994,446.899994,160.000000,-131.615768,337.026398,-30.841324,292.663330,544.476318,-784.000000,-350.000000,-203.000000,
320,2.000000,164.000000,335.200012,335.200012,160.000000,165.899796,321.367920,4.309091,154.066010,1230.099365,113.000000,342.000000,452.000000,
104,2.000000,237.000000,-776.900024,776.900024,160.000000,103.296974,331.288483,20.572647,691.446899,929.964905,-1009.000000,-794.000000,-585.000000,
320,2.000000,935.000000,1028.083374,1028.083374,66.666672,-214.602386,413.546753,-53.059967,1093.022217,1056.920410,1016.000000,1116.000000,1179.000000,
104,2.000000,891.000000,-567.000000,567.000000,57.142860,191.351135,253.361938,-1.009838,396.454010,825.346619,-826.000000,-426.000000,-357.000000,
100,2.000000,312.000000,247.199997,247.199997,120.000008,186.994980,295.462524,-12.761658,78.876801,507.324707,129.000000,295.000000,371.000000,
300,2.000000,1692.000000,-125.800003,336.000000,80.000000,285.087341,301.632874,-1.088168,159.831009,2097.418457,-479.000000,-103.000000,228.000000,
330,2.000000,622.000000,742.363647,742.363647,145.454544,-72.917091,304.532867,-2.627859,617.248962,2467.980225,476.000000,715.000000,992.000000,
105,2.000000,449.000000,-813.818176,813.818176,145.454544,110.633591,444.373901,-14.248751,692.690002,1335.407959,-871.000000,-820.000000,-697.000000,
320,2.000000,227.000000,390.750000,390.750000,133.333344,207.502487,370.089355,20.830278,188.677582,1411.349121,296.000000,363.000000,565.000000,
102,2.000000,522.000000,432.588226,464.941162,47.058823,-30.812218,424.130768,12.292445,321.203552,449.807953,244.000000,447.000000,671.000000,
320,2.000000,447.000000,39.099998,253.100006,80.000000,273.495575,291.921509,-11.924473,84.285904,1118.588745,-231.000000,141.000000,296.000000,
300,2.000000,639.000000,-19.000000,212.500000,66.666672,-149.292496,616.973816,-66.215851,84.733002,669.487305,-9.000000,76.000000,223.000000,
103,2.000000,600.000000,594.294128,594.294128,188.235291,-66.921638,480.122894,45.155773,380.150085,117.410126,478.000000,532.000000,648.000000,
100,2.000000,705.000000,759.000000,759.000000,133.333344,-5.144934,362.119446,-8.034242,619.645325,2982.880859,621.000000,784.000000,963.000000,
104,2.000000,575.000000,-668.454529,668.454529,109.090912,263.097198,285.340942,8.867062,578.597778,1443.860962,-1001.000000,-735.000000,-201.000000,
100,2.000000,857.000000,513.867676,612.161743,11.764706,-193.800766,317.833710,-33.156471,499.607269,807.306580,-4.000000,848.000000,933.000000,
330,2.000000,692.000000,697.153870,697.153870,123.076927,-49.439098,265.581329,2.981993,591.525146,1911.526611,397.000000,713.000000,1036.000000,
330,2.000000,401.000000,148.416672,227.750000,133.333344,196.824432,378.024200,-9.124394,75.491920,297.090668,6.000000,199.000000,322.000000,
330,2.000000,442.000000,779.076904,779.076904,153.846161,-35.126019,325.948059,-6.798981,662.848328,2236.614502,622.000000,828.000000,936.000000,
100,2.000000,414.000000,275.857147,278.000000,114.285721,179.831833,436.774597,27.867960,120.859718,1092.356445,132.000000,253.000000,456.000000,
104,2.000000,438.000000,-805.272705,805.272705,145.454544,69.770454,332.222565,29.961651,726.148010,1424.030518,-1097.000000,-896.000000,-559.000000,
100,2.000000,768.000000,673.714294,691.000000,28.571430,-232.364441,658.700195,-72.086304,550.686340,479.747040,513.000000,856.000000,898.000000,
100,2.000000,380.000000,316.250000,320.250000,133.333344,257.815063,281.019165,10.845601,150.479263,1623.365723,135.000000,248.000000,576.000000,
100,2.000000,480.000000,-78.083336,242.416672,66.666672,80.962280,313.700775,-20.881443,79.767921,831.989563,-258.000000,74.000000,173.000000,
104,2.000000,932.000000,-595.000000,595.000000,80.000000,147.266327,224.667114,-16.785536,563.100647,1389.023804,-1157.000000,-396.000000,-136.000000,
104,2.000000,550.000000,-731.230774,731.230774,61.538464,126.781647,243.001968,15.286832,586.984131,1276.522095,-960.000000,-786.000000,-495.000000,
300,2.000000,462.000000,193.199997,300.399994,120.000008,-203.933853,314.496826,-28.216440,108.451210,388.220032,-53.000000,287.000000,392.000000,
100,2.000000,950.000000,-708.625000,708.625000,175.000000,-166.188126,526.095947,53.551697,516.213013,1604.779541,-792.000000,-744.000000,-625.000000,
330,2.000000,871.000000,-75.083336,138.916672,200.000000,-55.520500,365.204712,12.143661,26.044250,286.932678,-117.000000,-94.000000,53.000000,
100,2.000000,663.000000,673.545471,673.545471,145.454544,15.363814,310.088257,6.317891,497.423553,2575.549561,439.000000,733.000000,847.000000,
100,2.000000,340.000000,300.846161,300.846161,92.307693,34.240807,229.689651,-6.937996,103.558388,338.794708,179.000000,357.000000,402.000000,
101,2.000000,671.000000,-575.733337,575.733337,53.333336,-109.140755,333.593903,20.864199,357.875885,743.488892,-730.000000,-616.000000,-423.000000,
104,2.000000,228.000000,427.833344,427.833344,133.333344,210.494171,395.525085,-3.710530,205.781006,1670.795654,356.000000,451.000000,553.000000,
320,2.000000,425.000000,471.363647,483.181824,72.727272,-266.462646,278.418793,6.332843,359.116821,695.539856,87.000000,543.000000,751.000000,
300,2.000000,706.000000,-124.800003,162.399994,106.666672,36.986515,501.721954,-16.366091,38.058537,808.541809,-208.000000,-165.000000,36.000000,
100,2.000000,391.000000,154.399994,209.600006,160.000000,75.364098,308.715118,17.289417,69.512001,963.818420,-61.000000,179.000000,273.000000,
100,2.000000,577.000000,395.899994,395.899994,160.000000,-35.890171,588.242126,57.731083,224.899918,1448.090454,217.000000,401.000000,543.000000,
330,2.000000,442.000000,595.500000,595.500000,200.000000,-64.666573,354.707214,12.130487,443.673889,1848.500610,356.000000,562.000000,924.000000,
320,2.000000,715.000000,586.363647,586.363647,72.727272,-278.140076,354.560364,-23.555862,438.641479,293.971558,315.000000,659.000000,886.000000,
330,2.000000,604.000000,77.357140,252.500000,57.142860,230.097275,327.347504,-24.861677,82.362648,385.075165,-171.000000,157.000000,299.000000,
200,2.000000,793.000000,842.599976,842.599976,80.000000,-277.980255,301.630249,-2.643343,786.251648,1754.971680,662.000000,906.000000,1104.000000,
330,2.000000,457.000000,886.428589,886.428589,171.428574,-24.447939,476.152039,-28.482962,852.430725,2541.547607,745.000000,925.000000,1134.000000,
320,2.000000,787.000000,-961.599976,961.599976,80.000000,260.144440,303.968964,32.049435,987.698242,1057.034790,-1192.000000,-1040.000000,-810.000000,
105,2.000000,465.000000,574.400024,574.400024,160.000000,-123.049942,349.900604,16.286083,357.256836,2411.100830,401.000000,565.000000,653.000000,
100,2.000000,372.000000,359.899994,367.299988,160.000000,225.848083,340.318054,2.055589,188.363098,1331.888794,171.000000,441.000000,468.000000,
330,2.000000,486.000000,368.153839,369.538452,123.076927,-277.681671,289.283783,-13.673695,190.336166,154.074158,140.000000,428.000000,559.000000,
330,2.000000,624.000000,243.818176,272.727264,145.454544,-93.059341,400.651276,15.311952,114.535278,138.118744,12.000000,272.000000,426.000000,
330,2.000000,502.000000,486.642853,486.642853,171.428574,-3.845382,425.561005,-1.641200,296.073517,1509.473389,345.000000,495.000000,629.000000,
105,2.000000,351.000000,443.090912,443.090912,218.181824,153.742111,340.661011,17.934679,226.258911,1381.373901,297.000000,372.000000,568.000000,
100,2.000000,594.000000,-659.181824,659.181824,72.727272,7.312742,575.647644,-76.457077,449.342651,501.554840,-656.000000,-602.000000,-597.000000,
100,2.000000,550.000000,295.750000,295.750000,200.000000,37.103016,335.957458,0.595441,99.016922,1928.045776,223.000000,321.000000,362.000000,
104,2.000000,238.000000,352.727264,352.727264,145.454544,253.433044,290.469421,2.227914,155.316193,1565.362183,151.000000,401.000000,528.000000,
200,2.000000,343.000000,170.277771,313.611115,44.444447,-152.093567,374.294495,-23.861347,134.068390,281.081512,-78.000000,302.000000,458.000000,
200,2.000000,544.000000,151.375000,331.250000,100.000000,-33.616463,492.420471,-50.270626,141.427002,303.759583,124.000000,192.000000,455.000000,
100,2.000000,559.000000,367.312500,367.312500,50.000000,-36.643002,560.628174,72.019203,215.959824,450.429840,221.000000,241.000000,520.000000,
100,2.000000,572.000000,178.636368,188.818176,327.272736,20.123634,427.033936,29.197395,56.882275,1196.288574,33.000000,170.000000,242.000000,
101,2.000000,721.000000,-585.599976,585.599976,80.000000,192.569916,316.229950,43.308632,434.745605,1123.157104,-797.000000,-722.000000,-245.000000,
101,2.000000,548.000000,370.799988,370.799988,200.000000,-3.720525,427.268555,-26.930597,148.858002,1350.475342,358.000000,374.000000,469.000000,
100,2.000000,237.000000,-776.750000,776.750000,100.000000,86.927338,270.973175,17.986225,663.429260,924.032227,-1007.000000,-780.000000,-535.000000,
101,2.000000,625.000000,-613.090881,613.090881,181.818192,221.804382,373.876678,28.106226,420.449127,1334.154175,-770.000000,-632.000000,-473.000000,
101,2.000000,238.000000,367.899994,367.899994,200.000000,197.448975,291.110687,14.611858,161.628311,1567.827515,190.000000,409.000000,496.000000,
101,2.000000,266.000000,-779.166687,779.166687,133.333344,95.239746,284.447083,-0.203559,615.100830,1375.574707,-869.000000,-768.000000,-687.000000,
100,2.000000,651.000000,858.200012,858.200012,40.000000,197.586884,278.459320,0.739703,786.828064,1468.768799,688.000000,920.000000,1038.000000,
104,2.000000,750.000000,-583.400024,583.400024,80.000000,222.778000,597.834900,-57.921055,365.775818,985.057678,-678.000000,-527.000000,-458.000000,
104,2.000000,777.000000,-869.272705,869.272705,36.363636,-87.097061,369.907562,22.871025,827.557129,1426.843018,-1164.000000,-804.000000,-694.000000,
104,2.000000,586.000000,-628.214294,675.785706,85.714287,216.133621,288.373383,28.384247,635.501831,1574.557495,-1064.000000,-802.000000,-69.000000,
104,2.000000,664.000000,-802.916687,802.916687,33.333336,-37.177044,279.197723,27.813038,764.528625,1829.135742,-1107.000000,-949.000000,-378.000000,
104,2.000000,299.000000,444.916656,444.916656,133.333344,123.668236,406.906036,22.879765,254.246765,1797.033447,233.000000,458.000000,633.000000,
102,2.000000,710.000000,503.166656,503.166656,133.333344,185.474564,408.212006,29.951855,377.425171,543.354065,213.000000,498.000000,870.000000,
104,2.000000,333.000000,391.384613,391.384613,123.076927,254.944717,363.526367,15.755596,182.591080,1756.138794,263.000000,360.000000,523.000000,
100,2.000000,457.000000,248.800003,271.200012,160.000000,86.116783,445.663116,36.771389,124.972008,977.622864,112.000000,154.000000,423.000000,
100,2.000000,326.000000,671.727295,671.727295,72.727272,126.992523,283.310852,-3.966261,559.450439,2174.816895,365.000000,660.000000,1023.000000,
104,2.000000,695.000000,530.727295,530.727295,72.727272,224.131073,306.219208,19.978006,390.944916,1453.339600,225.000000,443.000000,819.000000,
104,2.000000,481.000000,509.500000,509.500000,200.000000,239.953781,492.937622,43.395458,284.760010,1868.790405,393.000000,482.000000,587.000000,
100,2.000000,552.000000,483.363647,486.090912,72.727272,25.477743,288.670197,-1.752629,331.767548,1849.778198,215.000000,536.000000,818.000000,
100,2.000000,291.000000,394.636353,394.636353,218.181824,216.798523,296.496002,-2.229251,206.818100,1820.512817,154.000000,444.000000,539.000000,
105,2.000000,678.000000,-750.181824,750.181824,72.727272,164.452499,387.228912,42.450508,669.423828,1961.517944,-1063.000000,-832.000000,-463.000000,
100,2.000000,1070.000000,645.654297,645.654297,59.259258,103.247467,412.975891,26.738361,508.739594,965.661865,386.000000,595.000000,854.000000,
300,2.000000,902.000000,5.909091,464.818176,72.727272,-187.712875,294.994537,-35.160580,261.439362,630.507629,-540.000000,357.000000,433.000000,
100,2.000000,368.000000,535.307678,535.307678,123.076927,-14.961486,389.934784,17.572983,336.706238,2004.404297,391.000000,544.000000,662.000000,
105,2.000000,308.000000,-781.769226,781.769226,123.076927,212.171143,261.003632,8.556889,740.171143,1415.692627,-1107.000000,-845.000000,-506.000000,
105,2.000000,365.000000,-868.307678,868.307678,61.538464,229.018921,264.283752,18.455282,784.302673,1537.064941,-997.000000,-932.000000,-691.000000,
300,2.000000,392.000000,320.166656,378.000000,66.666672,37.577160,357.797485,-28.405479,182.985336,491.967285,259.000000,385.000000,533.000000,
100,2.000000,331.000000,328.799988,328.799988,160.000000,212.908142,406.890594,4.391740,133.922211,1307.431763,214.000000,326.000000,408.000000,
300,2.000000,578.000000,233.250000,253.649994,140.000000,-14.721348,872.441223,-78.033920,73.190048,761.511902,194.000000,271.000000,318.000000,
105,2.000000,627.000000,-802.736816,802.736816,126.315781,156.234756,848.475159,80.606789,676.796631,1660.312988,-931.000000,-853.000000,-732.000000,
320,2.000000,797.000000,-736.599976,766.599976,160.000000,10.382602,600.401001,57.721416,682.180908,691.813110,-1059.000000,-900.000000,-520.000000,
102,2.000000,432.000000,321.153839,334.692322,123.076927,92.541100,351.027100,11.280001,163.165314,562.189636,179.000000,267.000000,522.000000,
100,2.000000,673.000000,601.900024,601.900024,80.000000,99.444962,341.703400,12.020494,422.611328,2298.716797,420.000000,636.000000,797.000000,
105,2.000000,560.000000,484.799988,484.799988,240.000015,-10.548265,453.142731,21.890554,247.730804,2040.890137,414.000000,527.000000,553.000000,
100,2.000000,353.000000,480.529419,480.529419,117.647064,204.028168,351.798492,9.805996,280.886078,1996.795898,311.000000,483.000000,689.000000,
320,2.000000,305.000000,271.545441,304.272736,145.454544,129.422226,285.400665,-6.545719,132.578812,1235.625732,-34.000000,236.000000,474.000000,
100,2.000000,423.000000,412.545441,412.545441,72.727272,106.985497,314.152435,10.879591,264.987122,1624.681274,112.000000,437.000000,682.000000,
102,2.000000,275.000000,200.454544,214.545456,145.454544,10.919443,355.930878,-2.553786,66.412003,587.871155,68.000000,212.000000,317.000000,
100,2.000000,513.000000,-912.400024,912.400024,80.000000,-52.336037,231.510712,-3.616406,878.387695,1724.811890,-1153.000000,-841.000000,-749.000000,
330,2.000000,655.000000,925.700012,925.700012,120.000008,-8.238812,519.777710,37.589508,889.685242,1535.004883,796.000000,904.000000,1068.000000,
102,2.000000,529.000000,154.300003,213.899994,80.000000,-227.436844,312.057251,8.192583,71.684303,1002.032898,-2.000000,166.000000,354.000000,
320,2.000000,326.000000,671.000000,671.000000,145.454544,126.260628,292.806610,-12.837992,529.447388,2163.650635,467.000000,673.000000,942.000000,
100,2.000000,474.000000,476.000000,476.000000,160.000000,123.893822,285.947021,-10.663828,251.415009,2074.598877,284.000000,526.000000,606.000000,
104,2.000000,359.000000,541.500000,541.500000,80.000000,235.489746,295.285400,18.938698,322.119690,1935.768433,365.000000,521.000000,730.000000,
102,2.000000,492.000000,212.454544,241.727280,109.090912,222.363220,378.785095,-25.496817,78.643547,917.739319,46.000000,228.000000,398.000000,
100,2.000000,481.000000,521.500000,521.500000,160.000000,228.890259,359.384613,-10.586712,298.767120,1801.126831,419.000000,564.000000,621.000000,
320,2.000000,1040.000000,-1061.750000,1061.750000,133.333344,230.614044,537.114136,53.426502,1197.062134,1553.392578,-1218.000000,-1109.000000,-919.000000,
330,2.000000,342.000000,389.916656,389.916656,150.000000,0.691990,361.643616,10.025982,178.333176,393.620544,276.000000,391.000000,506.000000,
330,2.000000,429.000000,749.666687,749.666687,133.333344,-87.309204,404.732574,-7.608359,632.248779,1930.193970,556.000000,825.000000,940.000000,
100,2.000000,332.000000,442.666656,480.166656,66.666672,260.985199,344.673828,-13.959480,314.242004,1790.448730,259.000000,543.000000,678.000000,
320,2.000000,1439.000000,1194.500000,1194.500000,160.000000,-271.592499,259.468048,19.487961,1461.135864,989.759644,995.000000,1144.000000,1427.000000,
104,2.000000,583.000000,-806.799988,806.799988,80.000000,248.173370,324.473206,29.251253,733.783630,1467.842163,-1098.000000,-734.000000,-699.000000,
330,2.000000,878.000000,1033.666626,1033.666626,133.333344,118.125221,416.284698,-33.177361,1094.706909,646.639343,969.000000,1097.000000,1150.000000,
100,2.000000,835.000000,-815.076904,815.076904,184.615387,14.051071,617.102966,42.951145,672.085266,835.237793,-851.000000,-835.000000,-785.000000,
105,2.000000,276.000000,401.000000,401.000000,150.000000,236.314713,440.025940,16.961042,184.402390,1652.511597,281.000000,439.000000,503.000000,
320,2.000000,241.000000,397.090912,397.090912,145.454544,166.279205,388.079529,12.853190,196.797272,1578.556030,249.000000,444.000000,522.000000,
330,2.000000,546.000000,135.909088,239.000000,145.454544,-191.320175,315.818451,-1.493491,80.130280,196.687271,-138.000000,149.000000,391.000000,
105,2.000000,232.000000,405.500000,405.500000,160.000000,264.600830,298.483032,15.487933,201.301712,1804.043091,224.000000,411.000000,563.000000,
330,2.000000,468.000000,285.666656,319.833344,66.666672,74.336235,315.086670,9.856614,159.258011,96.684669,78.000000,324.000000,613.000000,
105,2.000000,198.000000,-925.400024,925.400024,160.000000,223.902206,451.894653,51.642624,875.835876,1479.236816,-1010.000000,-967.000000,-892.000000,
330,2.000000,477.000000,441.846161,464.615387,61.538464,-139.191971,413.975464,5.085216,306.228180,162.827393,245.000000,477.000000,628.000000,
330,2.000000,407.000000,790.583313,790.583313,133.333344,-34.811703,342.202332,10.607348,733.010498,2279.374023,596.000000,819.000000,1166.000000,
330,2.000000,849.000000,991.900024,991.900024,160.000000,-54.967606,374.139465,-32.817150,1061.675171,2789.751465,799.000000,1060.000000,1187.000000,
200,2.000000,607.000000,858.200012,858.200012,53.333336,-263.202606,395.119080,22.209761,826.310486,2373.675293,590.000000,861.000000,1053.000000,
104,2.000000,562.000000,-783.111084,783.111084,88.888893,80.468513,544.945740,51.521358,692.227478,1261.798584,-1038.000000,-795.000000,-726.000000,
330,2.000000,488.000000,736.416687,736.416687,200.000000,-5.764317,318.327637,-0.309114,636.192810,2132.087891,603.000000,757.000000,1032.000000,
330,2.000000,308.000000,541.750000,541.750000,200.000000,25.150396,337.712463,7.082315,318.662750,103.399666,415.000000,580.000000,675.000000,
105,2.000000,591.000000,-920.000000,920.000000,96.000000,179.627777,703.897095,44.667675,887.263550,1647.107666,-1069.000000,-928.000000,-830.000000,
200,2.000000,595.000000,-18.818182,272.272736,36.363636,-130.349930,394.835388,21.485285,97.912910,631.993774,-253.000000,-66.000000,236.000000,
330,2.000000,699.000000,628.117676,628.117676,141.176468,172.388062,444.585754,42.426945,399.898621,347.722260,567.000000,604.000000,669.000000,
100,2.000000,662.000000,-677.000000,677.000000,160.000000,126.229584,345.993408,7.324208,461.883820,530.862427,-712.000000,-690.000000,-618.000000,
105,2.000000,373.000000,-783.000000,783.000000,80.000000,208.543091,551.758423,-12.111320,636.070679,1199.332275,-834.000000,-789.000000,-697.000000,
100,2.000000,353.000000,379.083344,400.083344,66.666672,210.971695,416.108429,-26.820065,201.946426,1643.415405,280.000000,455.000000,618.000000,
330,2.000000,651.000000,841.900024,841.900024,160.000000,93.428223,335.925171,0.342168,724.299561,1537.403198,740.000000,885.000000,917.000000,
102,2.000000,621.000000,580.545471,587.636353,72.727272,187.923035,334.715790,-12.499963,472.510742,267.593475,384.000000,576.000000,999.000000,
100,2.000000,429.000000,194.538467,228.230774,61.538464,143.959991,282.805603,19.290218,89.881462,1291.268921,4.000000,134.000000,471.000000,
102,2.000000,421.000000,300.071442,339.785706,57.142860,59.192486,421.587982,12.701963,172.339508,578.598694,84.000000,370.000000,457.000000,
100,2.000000,433.000000,377.500000,377.500000,66.666672,31.981857,281.710205,20.508427,185.941010,365.742371,206.000000,342.000000,602.000000,
100,2.000000,946.000000,1010.400024,1010.400024,160.000000,-119.605331,408.791107,-39.735405,1068.554077,1762.231323,933.000000,1075.000000,1168.000000,
102,2.000000,585.000000,406.200012,406.200012,80.000000,282.008362,393.938507,27.178909,225.414612,578.564331,239.000000,364.000000,546.000000,
101,2.000000,662.000000,-663.500000,663.500000,200.000000,40.945694,301.563141,3.980201,451.910187,907.543518,-709.000000,-684.000000,-548.000000,
102,2.000000,672.000000,485.562500,490.062500,50.000000,158.466171,338.195679,-25.345165,307.434082,235.542572,305.000000,614.000000,722.000000,
104,2.000000,354.000000,-928.000000,928.000000,160.000000,157.216446,294.687714,11.180906,866.098145,1472.405396,-999.000000,-932.000000,-866.000000,
104,2.000000,803.000000,-667.083313,670.083313,66.666672,88.886269,559.572388,61.244865,526.447083,837.327271,-837.000000,-804.000000,-451.000000,
105,2.000000,561.000000,-788.357117,788.357117,114.285721,217.462021,308.403107,-4.038591,655.091980,1704.425781,-959.000000,-720.000000,-643.000000,
104,2.000000,697.000000,-819.299988,819.299988,40.000000,38.901821,502.943512,69.184395,809.000366,1358.360474,-1038.000000,-965.000000,-888.000000,
104,2.000000,549.000000,-817.809509,817.809509,114.285721,215.140488,404.557098,26.039721,711.485291,1208.413452,-980.000000,-838.000000,-639.000000,
104,2.000000,734.000000,-971.299988,971.299988,80.000000,205.821533,551.722473,65.102287,968.895752,1304.980225,-1078.000000,-1030.000000,-856.000000,
105,2.000000,293.000000,426.764709,426.764709,235.294128,95.225800,388.132446,9.637599,191.550308,1818.287354,349.000000,439.000000,463.000000,
105,2.000000,335.000000,484.909088,484.909088,218.181824,110.870781,364.545380,-4.948260,256.354736,1689.273926,392.000000,501.000000,634.000000,
104,2.000000,564.000000,-866.666687,866.666687,106.666672,250.164490,454.159821,41.799191,790.683777,1439.782959,-1055.000000,-871.000000,-753.000000,
104,2.000000,266.000000,-763.363647,763.363647,145.454544,74.768188,334.862152,1.078939,599.142456,1297.659668,-869.000000,-753.000000,-641.000000,
100,2.000000,501.000000,242.899994,277.100006,160.000000,-72.439865,302.600677,0.289854,116.908707,1258.034302,-6.000000,335.000000,414.000000,
300,2.000000,874.000000,626.000000,673.200012,80.000000,125.875854,723.613525,-63.999767,508.523834,343.330719,547.000000,597.000000,865.000000,
103,2.000000,698.000000,668.384644,668.384644,184.615387,-64.844505,438.179688,14.957809,462.074402,48.529850,583.000000,649.000000,751.000000,
100,2.000000,408.000000,298.090912,318.090912,145.454544,165.779205,334.037933,20.082260,169.088104,1362.515015,51.000000,256.000000,608.000000,
100,2.000000,290.000000,413.272736,413.272736,145.454544,93.409416,374.053284,25.601347,200.702560,1768.694580,295.000000,375.000000,559.000000,
104,2.000000,569.000000,-746.599976,746.599976,80.000000,182.350708,362.442413,26.407143,678.716248,1296.987793,-1104.000000,-725.000000,-515.000000,
330,2.000000,236.000000,614.799988,614.799988,160.000000,218.148193,348.741852,6.430017,409.817413,35.348103,469.000000,638.000000,755.000000,
320,2.000000,384.000000,237.699997,289.899994,80.000000,-292.474213,294.501373,-7.685577,116.612907,754.132507,67.000000,334.000000,470.000000,
320,2.000000,253.000000,162.363632,225.636368,145.454544,136.494553,435.954041,31.153400,89.481461,1246.640137,-62.000000,157.000000,266.000000,
320,2.000000,517.000000,382.909088,382.909088,72.727272,-169.459305,250.170227,-10.908787,206.913101,425.659729,106.000000,443.000000,571.000000,
104,2.000000,696.000000,-755.812500,756.812500,100.000000,64.113853,607.663391,64.430138,660.835083,1408.554321,-927.000000,-863.000000,-462.000000,
330,2.000000,469.000000,356.500000,356.500000,280.000000,104.258530,293.248383,25.061764,139.302094,335.379913,250.000000,343.000000,475.000000,
100,2.000000,581.000000,151.250000,176.416672,200.000000,30.102526,439.753204,38.056126,60.355083,1377.565186,29.000000,108.000000,378.000000,
330,2.000000,1055.000000,-210.714279,252.047623,76.190475,247.224335,332.534668,16.629257,86.480530,33.709671,-447.000000,-248.000000,-80.000000,
104,2.000000,528.000000,-663.250000,663.250000,50.000000,98.309959,303.155243,5.597723,542.941772,1166.841309,-918.000000,-668.000000,-312.000000,
330,2.000000,481.000000,216.562500,303.687500,100.000000,236.216644,389.384399,-11.690409,127.406944,251.066193,104.000000,260.000000,446.000000,
102,2.000000,596.000000,396.416656,396.916656,66.666672,148.688324,284.742462,-0.288687,213.240433,753.029480,210.000000,489.000000,658.000000,
300,2.000000,537.000000,15.833333,281.666656,133.333344,102.159691,331.189148,-36.277401,96.999504,1142.162842,-110.000000,176.000000,276.000000,
100,2.000000,267.000000,369.899994,369.899994,80.000000,196.884903,372.635040,-12.328802,171.553101,1470.376221,266.000000,399.000000,516.000000,
330,2.000000,338.000000,315.375000,372.500000,150.000000,101.687668,434.576843,-26.571306,179.663513,223.824142,179.000000,332.000000,597.000000,
330,2.000000,519.000000,183.272720,330.909088,145.454544,23.041025,317.360992,-7.928485,146.049103,178.549652,-179.000000,283.000000,468.000000,
100,2.000000,461.000000,373.636353,373.636353,145.454544,-93.779648,520.974854,35.051796,178.591644,215.247742,189.000000,357.000000,448.000000,
104,2.000000,248.000000,479.769226,479.769226,61.538464,221.600082,364.671356,26.862522,261.407928,1810.744385,326.000000,451.000000,580.000000,
330,2.000000,581.000000,457.899994,457.899994,80.000000,-45.816216,440.615417,-42.303844,232.776917,233.837418,439.000000,507.000000,527.000000,
100,2.000000,361.000000,376.272736,376.272736,72.727272,59.138443,385.589569,45.664188,191.421921,159.951096,225.000000,260.000000,538.000000,
100,2.000000,385.000000,203.300003,234.100006,160.000000,84.684143,353.177643,15.681544,85.028900,821.365417,82.000000,213.000000,328.000000,
320,2.000000,832.000000,-662.125000,677.458313,166.666656,-168.323105,473.050354,30.285971,580.025391,910.761536,-873.000000,-785.000000,-283.000000,
104,2.000000,288.000000,-781.833313,781.833313,133.333344,82.655258,421.752441,39.434559,675.974854,907.135132,-964.000000,-804.000000,-551.000000,
320,2.000000,596.000000,599.099976,618.299988,160.000000,218.827972,301.397430,-19.318277,524.801147,1815.119385,327.000000,720.000000,985.000000,
200,2.000000,928.000000,-268.411774,275.588226,47.058823,-270.840088,334.353912,-21.439749,125.625473,983.979431,-451.000000,-273.000000,-74.000000,
104,2.000000,188.000000,374.750000,374.750000,133.333344,258.007263,370.868561,28.644037,176.011093,1527.861084,250.000000,396.000000,540.000000,
330,2.000000,491.000000,368.461548,381.384613,184.615387,-160.127319,392.112183,22.985352,224.791245,144.771393,154.000000,323.000000,562.000000,
200,2.000000,522.000000,99.000000,233.421051,21.052631,-187.668945,411.321655,-33.145981,76.142693,435.343933,-81.000000,128.000000,347.000000,
330,2.000000,777.000000,538.272705,538.272705,72.727272,-259.447632,688.751465,-77.304512,320.805725,259.692383,524.000000,563.000000,669.000000,
200,2.000000,628.000000,786.791687,786.791687,100.000000,-220.501495,514.164124,-3.019224,702.821228,1836.729004,613.000000,796.000000,966.000000,
105,2.000000,344.000000,397.200012,397.200012,240.000015,176.287476,346.323242,9.157547,181.352219,1819.963745,286.000000,401.000000,558.000000,
300,2.000000,403.000000,-48.099998,220.300003,80.000000,-283.677185,349.065552,-26.082998,73.030708,601.262817,-301.000000,37.000000,161.000000,
102,2.000000,798.000000,8.000000,103.599998,240.000015,-134.209885,278.926178,9.586340,13.318401,855.918640,-106.000000,42.000000,88.000000,
102,2.000000,527.000000,197.000000,227.153839,123.076927,215.190781,584.750488,-24.912279,66.718544,842.259094,133.000000,218.000000,263.000000,
100,2.000000,474.000000,279.181824,280.272736,72.727272,184.105881,252.124496,15.690896,135.505371,320.805542,25.000000,226.000000,534.000000,
104,2.000000,317.000000,416.166656,416.166656,100.000000,208.579880,286.419678,2.203823,208.839340,1535.834717,298.000000,429.000000,611.000000,
105,2.000000,407.000000,-747.599976,747.599976,80.000000,240.345718,362.596741,-10.649848,584.419861,1247.563965,-830.000000,-753.000000,-567.000000,
105,2.000000,602.000000,-627.750000,627.750000,133.333344,96.103050,266.425598,-3.690244,534.491577,1542.655151,-904.000000,-487.000000,-321.000000,
101,2.000000,317.000000,396.230774,396.230774,184.615387,253.857742,475.614594,40.025837,174.857010,1724.102173,287.000000,371.000000,457.000000,
104,2.000000,252.000000,467.545441,467.545441,72.727272,169.285187,349.509125,30.276836,274.525726,1631.976440,275.000000,458.000000,716.000000,
300,2.000000,473.000000,-54.500000,263.666656,66.666672,-263.067169,420.447449,-39.910652,114.875671,842.112061,-124.000000,43.000000,284.000000,
300,2.000000,514.000000,-37.235294,181.235291,164.705887,114.766800,461.171814,-0.335114,52.686295,1370.526001,-223.000000,-27.000000,100.000000,
100,2.000000,563.000000,525.411743,525.411743,141.176468,49.776779,415.459778,15.209995,339.707092,2466.811523,308.000000,502.000000,683.000000,
100,2.000000,429.000000,307.000000,311.000000,160.000000,83.008347,452.444550,35.482342,148.751007,1161.643066,131.000000,303.000000,401.000000,
105,2.000000,525.000000,-774.099976,774.099976,160.000000,95.412201,340.725983,-26.468714,603.165161,1680.469360,-814.000000,-750.000000,-715.000000,
100,2.000000,814.000000,-507.000000,507.000000,145.454544,-54.200905,444.427307,-41.678143,294.121735,686.026978,-540.000000,-456.000000,-387.000000,
104,2.000000,244.000000,356.363647,356.363647,145.454544,223.519897,279.806793,0.239044,149.604370,1657.352417,189.000000,364.000000,476.000000,
105,2.000000,297.000000,523.363647,523.363647,145.454544,22.585772,341.167175,5.629138,303.991394,2144.677490,413.000000,522.000000,674.000000,
102,2.000000,611.000000,-53.099998,106.099998,160.000000,206.210922,379.348236,-18.148907,17.244501,1234.389771,-126.000000,-46.000000,39.000000,
100,2.000000,241.000000,403.909088,412.636353,145.454544,200.281967,371.490631,-7.733523,232.931564,1564.359375,241.000000,412.000000,582.000000,
100,2.000000,420.000000,498.615387,498.615387,123.076927,27.379694,274.150574,0.328824,275.026337,2286.847168,380.000000,499.000000,626.000000,
100,2.000000,336.000000,412.083344,412.083344,133.333344,27.057310,332.113678,2.578777,187.583084,1669.239746,305.000000,465.000000,515.000000,
104,2.000000,293.000000,460.200012,460.200012,240.000015,132.718094,363.308014,9.581753,220.553604,1826.669678,378.000000,476.000000,522.000000,
320,2.000000,689.000000,-440.545441,478.181824,109.090912,-279.970612,258.908508,-8.779017,359.347473,537.029968,-898.000000,-219.000000,-167.000000,
100,2.000000,383.000000,356.466675,366.866669,106.666672,243.972855,319.174591,7.368225,204.056747,1576.703003,129.000000,310.000000,642.000000,
105,2.000000,514.000000,-548.299988,548.299988,80.000000,-6.414742,409.389160,-18.461332,333.394928,1583.235718,-632.000000,-546.000000,-369.000000,
330,2.000000,514.000000,280.071442,359.071442,57.142860,-139.439453,343.406403,1.705408,189.576797,189.680588,51.000000,300.000000,574.000000,
320,2.000000,421.000000,365.272736,424.363647,72.727272,251.199585,327.837830,-16.370649,246.412369,1542.539185,76.000000,409.000000,699.000000,
330,2.000000,436.000000,696.250000,696.250000,133.333344,71.688408,329.066315,14.009359,537.566284,2041.578491,526.000000,655.000000,891.000000,
100,2.000000,458.000000,38.200001,236.800003,80.000000,-0.752630,342.021240,-18.925192,79.987007,570.088501,-80.000000,111.000000,236.000000,
330,2.000000,685.000000,535.000000,535.000000,168.421051,-25.179525,419.429291,31.311232,413.232391,1703.751221,248.000000,446.000000,773.000000,
100,2.000000,315.000000,388.666656,415.666656,133.333344,269.119629,387.050415,-16.489126,229.507004,1586.992065,299.000000,439.000000,666.000000,
105,2.000000,568.000000,-846.818176,846.818176,145.454544,164.259583,211.009674,6.858828,740.585999,1746.378174,-1004.000000,-887.000000,-680.000000,
200,2.000000,434.000000,-143.684204,189.684204,42.105263,-229.564285,471.827515,-50.681107,79.580315,624.163208,-314.000000,-7.000000,25.000000,
200,2.000000,900.000000,-24.937500,91.187500,100.000000,-107.958511,883.687500,-82.366058,17.885439,571.865540,-42.000000,5.000000,72.000000,
100,2.000000,414.000000,501.636353,501.636353,109.090912,-99.731895,361.424530,15.081033,272.208008,1912.744507,410.000000,522.000000,637.000000,
200,2.000000,389.000000,88.599998,300.500000,80.000000,-94.757683,331.658020,-16.701420,115.295006,330.312256,-169.000000,185.000000,374.000000,
300,2.000000,623.000000,34.799999,329.333344,80.000000,198.307037,304.108978,-32.715725,130.275742,1162.895996,-448.000000,210.000000,357.000000,
102,2.000000,725.000000,54.181820,142.545456,72.727272,281.352142,338.371155,37.009708,34.481453,1257.741333,-82.000000,-14.000000,248.000000,
104,2.000000,627.000000,-836.272705,836.272705,72.727272,58.357300,709.839417,77.045952,742.549988,1746.717163,-960.000000,-890.000000,-785.000000,
100,2.000000,676.000000,-997.400024,997.400024,80.000000,-76.231995,415.596161,-7.497090,1009.552856,1992.782471,-1044.000000,-991.000000,-954.000000,
105,2.000000,228.000000,450.100006,450.100006,160.000000,180.142502,366.562592,3.217862,217.308304,1662.178101,359.000000,476.000000,506.000000,
100,2.000000,453.000000,455.545441,479.727264,145.454544,167.052933,538.385010,-29.920021,275.414642,1760.569214,327.000000,442.000000,646.000000,
105,2.000000,899.000000,-898.153870,898.153870,123.076927,-182.665115,287.259827,-10.603284,819.266663,2156.199951,-1016.000000,-871.000000,-800.000000,
100,2.000000,830.000000,-475.739136,502.173920,104.347824,64.243790,507.117126,44.269985,305.780121,1846.360840,-715.000000,-533.000000,-296.000000,
100,2.000000,482.000000,449.181824,462.272736,72.727272,86.633163,306.996216,-12.968449,294.255402,2095.503418,153.000000,505.000000,688.000000,
100,2.000000,492.000000,533.346130,533.346130,30.769232,-148.572952,414.440491,28.434967,323.329346,497.192871,352.000000,498.000000,645.000000,
100,2.000000,337.000000,430.399994,430.399994,160.000000,241.828094,293.386566,17.878952,224.895416,1665.647461,227.000000,414.000000,656.000000,
100,2.000000,622.000000,345.454559,375.090912,145.454544,171.432083,304.562164,10.940422,225.306747,1094.203369,-7.000000,334.000000,674.000000,
300,2.000000,690.000000,66.454544,392.636353,72.727272,166.847290,297.287994,-9.167278,205.742462,1239.859985,-386.000000,106.000000,569.000000,
100,2.000000,359.000000,340.545441,340.545441,145.454544,118.563751,280.415161,2.397621,152.923645,1453.090332,174.000000,324.000000,471.000000,
100,2.000000,232.000000,407.500000,407.500000,80.000000,237.039902,295.997253,-1.753104,208.948517,1793.971313,240.000000,465.000000,548.000000,
100,2.000000,377.000000,552.000000,552.000000,228.571442,167.165543,319.145355,10.654022,344.876465,1792.784302,398.000000,536.000000,751.000000,
320,2.000000,433.000000,82.636360,208.090912,145.454544,179.466232,368.072388,-16.830669,62.853912,1037.652222,-63.000000,156.000000,227.000000,
100,2.000000,364.000000,457.533325,457.533325,106.666672,48.829006,371.821625,32.961498,308.745300,1796.020630,215.000000,395.000000,692.000000,
320,2.000000,753.000000,-335.454559,391.636353,145.454544,-283.511444,305.854645,-24.726295,269.612396,415.736725,-817.000000,-218.000000,3.000000,
200,2.000000,530.000000,217.842102,244.157898,84.210526,-232.447647,408.149139,6.673949,88.834373,300.970001,83.000000,187.000000,350.000000,
300,2.000000,680.000000,87.000000,317.000000,66.666672,-217.291763,352.462708,-15.693122,140.793503,847.342712,-123.000000,121.000000,525.000000,
200,2.000000,318.000000,93.666664,274.500000,133.333344,37.284298,260.225891,-9.737040,98.473839,184.410751,-77.000000,205.000000,410.000000,
200,2.000000,849.000000,978.444458,978.444458,44.444447,-243.811462,378.381012,15.642067,1095.176270,2615.122559,648.000000,1008.000000,1245.000000,
101,2.000000,509.000000,-686.615356,686.615356,123.076927,59.325630,377.114502,18.878767,491.737396,1167.638916,-791.000000,-676.000000,-625.000000,
100,2.000000,780.000000,129.363632,515.727295,36.363636,-207.330612,433.978180,-58.275349,324.206726,881.491821,-31.000000,441.000000,523.000000,
103,2.000000,306.000000,588.299988,588.299988,120.000008,146.617477,335.485901,24.757298,376.643524,110.546402,434.000000,563.000000,732.000000,
104,2.000000,250.000000,470.181824,470.181824,145.454544,237.960510,349.163513,21.608713,260.650574,1849.614624,332.000000,451.000000,649.000000,
100,2.000000,313.000000,345.636353,369.454559,145.454544,216.452713,427.314087,-22.592354,172.510910,1583.565186,179.000000,317.000000,503.000000,
300,2.000000,380.000000,375.736847,394.789459,105.263161,17.089075,613.805664,-50.267223,187.567963,464.161804,334.000000,395.000000,527.000000,
330,2.000000,372.000000,389.736847,389.736847,273.684204,43.012726,445.720581,14.917617,170.635849,469.500122,282.000000,395.000000,479.000000,
104,2.000000,318.000000,458.750000,458.750000,133.333344,194.506927,280.099762,9.722960,246.899094,1775.586670,286.000000,444.000000,628.000000,
330,2.000000,580.000000,435.615387,439.307678,184.615387,-175.128937,576.526306,40.866226,280.343781,144.983688,248.000000,396.000000,544.000000,
100,2.000000,394.000000,425.299988,433.700012,160.000000,-112.712685,389.807343,20.710054,272.516907,1814.155396,213.000000,405.000000,662.000000,
320,2.000000,532.000000,876.692322,876.692322,123.076927,-182.127319,326.562958,-0.028766,812.500000,619.703369,767.000000,896.000000,968.000000,
330,2.000000,388.000000,328.916656,342.916656,133.333344,-205.571762,408.415588,10.081244,168.099762,187.456009,234.000000,365.000000,486.000000,
100,2.000000,431.000000,408.600006,415.000000,80.000000,215.409851,265.599457,-14.049937,250.352417,1759.622437,115.000000,571.000000,602.000000,
320,2.000000,269.000000,395.000000,395.000000,123.076927,203.658539,325.383667,7.446071,206.844849,1480.227783,211.000000,372.000000,576.000000,
330,2.000000,515.000000,133.307693,227.923080,92.307693,-0.822924,384.745605,-1.130874,71.536240,149.530777,-78.000000,174.000000,283.000000,
300,2.000000,1143.000000,-70.454544,466.272736,72.727272,-167.563309,240.286255,-19.506578,289.125732,1199.988159,-794.000000,71.000000,486.000000,
200,2.000000,364.000000,-66.285713,131.142853,85.714287,0.900613,299.315247,-19.507957,24.802143,1024.280884,-190.000000,-41.000000,75.000000,
104,2.000000,602.000000,-637.500000,637.500000,80.000000,215.887039,282.196991,-20.285192,478.866699,1430.959839,-950.000000,-578.000000,-399.000000,
105,2.000000,368.000000,-811.588257,811.588257,141.176468,73.617561,414.542969,20.613348,671.437561,1637.011841,-892.000000,-811.000000,-769.000000,
104,2.000000,630.000000,-816.307678,816.307678,92.307693,-14.475275,257.103882,-20.962353,710.648132,1795.461548,-1083.000000,-685.000000,-665.000000,
300,2.000000,710.000000,124.400002,380.000000,40.000000,-227.460876,483.673706,-64.838318,173.548798,886.605042,106.000000,301.000000,392.000000,
104,2.000000,173.000000,381.454559,381.454559,145.454544,231.845963,420.418732,42.172131,185.198013,1517.514893,210.000000,365.000000,527.000000,
330,2.000000,366.000000,574.666687,574.666687,200.000000,249.545471,269.945923,6.450565,352.514862,57.504253,482.000000,638.000000,710.000000,
320,2.000000,429.000000,604.700012,604.700012,80.000000,245.292938,472.628418,-40.148880,418.670929,1850.046509,432.000000,677.000000,779.000000,
300,2.000000,987.000000,463.899994,572.099976,80.000000,-68.529152,229.130142,-7.891546,479.901917,1037.081177,-78.000000,635.000000,990.000000,
330,2.000000,519.000000,667.769226,667.769226,123.076927,-79.982742,430.095947,41.394958,544.365479,2226.080322,472.000000,587.000000,807.000000,
330,2.000000,854.000000,918.400024,918.400024,160.000000,-122.809944,279.996765,-3.807070,1030.541382,2753.828613,399.000000,1077.000000,1222.000000,
330,2.000000,611.000000,365.818176,410.363647,72.727272,-291.931000,266.091095,-12.251533,247.019272,278.703827,22.000000,451.000000,722.000000,
330,2.000000,465.000000,809.599976,809.599976,160.000000,43.763531,284.914673,0.018692,712.667236,2157.416748,594.000000,904.000000,978.000000,
103,2.000000,479.000000,962.090881,962.090881,72.727272,155.738480,423.256592,29.384996,944.333984,438.033844,867.000000,942.000000,1032.000000,
300,2.000000,454.000000,51.090908,270.545441,72.727272,-81.849998,302.386749,-31.663563,89.587639,270.492828,-313.000000,129.000000,332.000000,
100,2.000000,990.000000,-262.166656,312.833344,200.000000,183.342804,404.533539,37.018673,119.055504,1189.012939,-379.000000,-296.000000,-84.000000,
105,2.000000,319.000000,567.545471,567.545471,218.181824,8.445852,379.675018,12.472666,338.483734,2135.309570,435.000000,543.000000,659.000000,
100,2.000000,359.000000,545.363647,545.363647,145.454544,203.064804,346.245239,-8.092182,339.155212,2048.082031,371.000000,543.000000,708.000000,
100,2.000000,647.000000,-203.545456,211.545456,72.727272,-127.096542,365.025909,14.104383,59.945641,428.139526,-332.000000,-210.000000,-104.000000,
320,2.000000,542.000000,485.181824,485.181824,218.181824,-72.354713,363.186493,-14.901341,277.082092,277.203094,353.000000,485.000000,737.000000,
330,2.000000,414.000000,390.000000,390.000000,145.454544,230.714447,426.588928,22.338762,162.161453,165.518555,330.000000,370.000000,473.000000,
330,2.000000,505.000000,-46.454544,213.363632,72.727272,265.055908,261.075562,-6.405197,61.334457,530.789978,-276.000000,-13.000000,189.000000,
300,2.000000,425.000000,461.583344,487.416656,66.666672,-172.862564,249.168655,-2.699505,348.552429,723.339539,184.000000,514.000000,863.000000,
300,2.000000,857.000000,524.200012,598.799988,80.000000,11.809657,257.090057,-29.060385,489.175629,396.272705,21.000000,823.000000,907.000000,
330,2.000000,377.000000,140.941177,229.764709,94.117645,60.892555,390.722961,-12.152579,78.143883,412.873840,-12.000000,147.000000,353.000000,
100,2.000000,645.000000,941.818176,941.818176,72.727272,-61.336960,302.405945,-10.814658,949.502258,1316.000977,744.000000,992.000000,1182.000000,
200,2.000000,488.000000,-161.333328,185.500000,66.666672,-214.950333,373.627533,-43.391148,74.759171,475.211273,-223.000000,-84.000000,21.000000,
320,2.000000,255.000000,481.545441,481.545441,145.454544,197.286682,357.106079,-9.223743,299.649933,1752.023315,259.000000,494.000000,713.000000,
103,2.000000,815.000000,912.500000,912.500000,80.000000,189.494675,227.420258,-16.229954,864.685547,241.001511,688.000000,1013.000000,1057.000000,
320,2.000000,376.000000,507.636353,507.636353,72.727272,-255.930756,332.099518,5.074015,310.873627,451.852112,331.000000,486.000000,744.000000,
100,2.000000,911.000000,-545.976196,549.404785,66.666672,-28.874969,1024.652710,64.321808,326.434998,1306.905762,-666.000000,-572.000000,-456.000000,
330,2.000000,371.000000,72.833336,313.500000,66.666672,42.054173,255.157135,-3.394005,118.958008,258.078949,-187.000000,206.000000,383.000000,
100,2.000000,252.000000,454.181824,459.636353,72.727272,225.463287,369.718567,-25.089048,273.913300,1660.038574,285.000000,499.000000,694.000000,
105,2.000000,528.000000,-883.058838,883.058838,141.176468,197.834869,552.411316,44.980743,787.493896,1568.116821,-945.000000,-886.000000,-859.000000,
100,2.000000,266.000000,467.899994,467.899994,80.000000,203.519958,321.996887,-24.825325,254.316711,1649.149536,273.000000,534.000000,600.000000,
100,2.000000,413.000000,295.071442,312.785706,114.285721,130.477478,402.993835,17.286373,150.403091,1249.853394,83.000000,269.000000,514.000000,
200,2.000000,534.000000,692.200012,692.200012,80.000000,-256.579559,399.668884,-20.526321,548.210327,1817.239746,510.000000,773.000000,889.000000,
200,2.000000,1028.000000,1000.562500,1000.562500,50.000000,-250.546555,405.306671,29.203959,1172.933105,3279.061768,743.000000,998.000000,1334.000000,
200,2.000000,769.000000,85.263161,365.157898,84.210526,-126.102303,248.943451,-0.983990,164.070206,435.994385,-339.000000,6.000000,472.000000,
100,2.000000,434.000000,155.899994,163.699997,160.000000,-72.851364,296.609863,14.810639,44.885105,871.559204,-3.000000,154.000000,300.000000,
330,2.000000,517.000000,835.700012,835.700012,160.000000,-124.677467,315.645874,2.221361,805.774536,2299.081787,617.000000,934.000000,1080.000000,
100,2.000000,255.000000,440.666656,445.333344,133.333344,243.843414,365.704071,5.275738,263.760681,1753.723755,257.000000,436.000000,710.000000,
300,2.000000,426.000000,151.899994,353.700012,80.000000,-204.373932,456.026733,-61.649364,145.267715,282.099609,4.000000,324.000000,411.000000,
100,2.000000,507.000000,710.599976,710.599976,160.000000,131.868790,340.982300,12.797742,526.526672,2238.833252,562.000000,718.000000,817.000000,
103,2.000000,486.000000,930.799988,930.799988,240.000015,177.450806,429.925049,-33.545353,873.285828,435.601532,880.000000,974.000000,982.000000,
330,2.000000,314.000000,580.071411,580.071411,57.142860,93.864014,307.721771,-0.602915,388.595795,125.360146,409.000000,586.000000,791.000000,
330,2.000000,710.000000,92.000000,142.153839,153.846161,-85.050789,372.754242,24.279451,34.315693,59.751621,-10.000000,46.000000,202.000000,
330,2.000000,547.000000,533.807678,533.807678,107.692314,-156.389175,498.687469,-15.528114,304.194672,663.413635,442.000000,556.000000,641.000000,
104,2.000000,316.000000,452.000000,452.000000,123.076927,192.960266,532.393372,46.781254,268.692169,1848.650635,244.000000,403.000000,545.000000,
320,2.000000,192.000000,379.200012,379.200012,160.000000,147.200180,295.181000,-2.015178,183.228210,1422.082764,237.000000,429.000000,521.000000,
330,2.000000,306.000000,605.400024,605.400024,160.000000,139.540451,281.437103,7.182619,403.353210,112.770508,434.000000,675.000000,717.000000,
200,2.000000,427.000000,145.904755,378.285706,38.095238,-270.615295,400.554047,-39.229431,179.820389,652.528015,-19.000000,219.000000,481.000000,
300,2.000000,700.000000,-43.428570,380.428558,57.142860,-93.576012,425.669525,-53.627911,224.477295,464.587585,-167.000000,209.000000,307.000000,
100,2.000000,444.000000,601.299988,601.299988,80.000000,247.272003,293.643219,-10.449224,413.455109,1712.408447,363.000000,671.000000,829.000000,
300,2.000000,579.000000,-45.090908,260.909088,72.727272,-253.913315,414.203644,-48.394848,101.296730,788.033813,-390.000000,162.000000,197.000000,
200,2.000000,694.000000,-116.750000,357.549988,80.000000,-59.728764,272.307739,14.294162,155.574158,635.765076,-428.000000,-209.000000,336.000000,
320,2.000000,279.000000,348.562500,348.562500,150.000000,136.688522,336.639130,2.942358,165.913696,1347.994995,236.000000,371.000000,536.000000,
200,2.000000,644.000000,780.222229,780.222229,44.444447,-275.167816,329.750000,7.414604,697.431580,2085.201904,494.000000,856.000000,1031.000000,
200,2.000000,670.000000,190.133331,259.866669,80.000000,-258.411743,840.625488,-60.405914,90.785736,281.335022,84.000000,231.000000,315.000000,
320,2.000000,480.000000,-66.599998,203.800003,80.000000,292.744720,294.665833,-2.977335,57.483402,866.716064,-238.000000,-10.000000,162.000000,
320,2.000000,377.000000,541.916687,541.916687,133.333344,111.590706,338.298035,-4.907878,359.036438,1662.778687,412.000000,546.000000,746.000000,
320,2.000000,254.000000,319.000000,319.000000,160.000000,169.035233,320.710907,17.327549,130.291809,1324.025879,174.000000,290.000000,485.000000,
330,2.000000,598.000000,832.750000,832.750000,233.333328,-73.298828,351.455292,-21.383623,777.694458,2665.108398,755.000000,847.000000,1145.000000,
200,2.000000,603.000000,11.150000,233.149994,40.000000,-245.968933,322.547211,2.418348,64.108452,441.122070,-230.000000,152.000000,208.000000,
200,2.000000,369.000000,-129.833328,222.000000,66.666672,-265.287415,274.991272,-22.314659,78.139168,649.164307,-350.000000,-22.000000,108.000000,
300,2.000000,759.000000,95.818184,243.818176,72.727272,-211.490784,1091.116577,-111.360695,91.902008,433.099487,20.000000,201.000000,265.000000,
330,2.000000,488.000000,734.916687,734.916687,66.666672,51.652031,321.934784,-9.053643,593.823608,2098.360352,558.000000,821.000000,931.000000,
200,2.000000,522.000000,-52.333332,204.000000,44.444447,-265.001831,563.111816,-57.312637,75.334450,557.828491,-165.000000,37.000000,138.000000,
100,2.000000,328.000000,797.000000,797.000000,133.333344,-17.351133,370.838776,16.440516,693.355713,2430.453369,599.000000,793.000000,1040.000000,
300,2.000000,648.000000,32.500000,313.500000,80.000000,-233.298294,333.010895,-42.434258,120.671303,561.576050,-306.000000,234.000000,315.000000,
300,2.000000,612.000000,-5.400000,166.800003,80.000000,-158.977814,461.291321,-58.156731,42.251202,474.042511,-66.000000,102.000000,145.000000,
