"x","y","z","s","e"
"-115","772","-511","14:33:07","14:33:59"
"212","971","-250","14:33:07","14:33:59"
"271","1094","-206","14:33:07","14:33:59"
"283","1165","-236","14:33:07","14:33:59"
"315","1194","-283","14:33:07","14:33:59"
"476","1301","-184","14:33:07","14:33:59"
"509","1384","-6","14:33:07","14:33:59"
"485","1421","184","14:33:07","14:33:59"
"408","1281","281","14:33:07","14:33:59"
"334","1198","161","14:33:07","14:33:59"
"198","1165","13","14:33:07","14:33:59"
"51","1152","-101","14:33:07","14:33:59"
"19","1011","-239","14:33:07","14:33:59"
"72","911","-311","14:33:07","14:33:59"
"49","840","-375","14:33:07","14:33:59"
"-52","792","-410","14:33:07","14:33:59"
"-285","714","-437","14:33:07","14:33:59"
"-379","727","-452","14:33:07","14:33:59"
"-473","773","-434","14:33:07","14:33:59"
"-615","764","-260","14:33:07","14:33:59"
"-645","701","-165","14:33:07","14:33:59"
"-654","651","-89","14:33:07","14:33:59"
"-646","636","-6","14:33:07","14:33:59"
"-589","747","184","14:33:07","14:33:59"
"-557","878","220","14:33:07","14:33:59"
"-541","1007","202","14:33:07","14:33:59"
"-559","1094","167","14:33:07","14:33:59"
"-555","1090","186","14:33:07","14:33:59"
"-521","1109","201","14:33:07","14:33:59"
"-474","1125","192","14:33:07","14:33:59"
"-461","851","142","14:33:07","14:33:59"
"-464","574","111","14:33:07","14:33:59"
"-429","369","33","14:33:07","14:33:59"
"-371","327","-116","14:33:07","14:33:59"
"-275","537","-434","14:33:07","14:33:59"
"-197","651","-495","14:33:07","14:33:59"
"-87","766","-527","14:33:07","14:33:59"
"76","1022","-654","14:33:07","14:33:59"
"134","1143","-689","14:33:07","14:33:59"
"243","1289","-650","14:33:07","14:33:59"
"673","1624","-336","14:33:07","14:33:59"
"875","1628","-119","14:33:07","14:33:59"
"756","1247","48","14:33:07","14:33:59"
"408","1121","-45","14:33:07","14:33:59"
"55","1099","-141","14:33:07","14:33:59"
"-120","1091","-174","14:33:07","14:33:59"
"59","987","-221","14:33:07","14:33:59"
"135","984","-304","14:33:07","14:33:59"
"88","1011","-384","14:33:07","14:33:59"
"-132","901","-463","14:33:07","14:33:59"
"-197","782","-479","14:33:07","14:33:59"
"-248","707","-482","14:33:07","14:33:59"
"-315","696","-480","14:33:07","14:33:59"
"-466","731","-491","14:33:07","14:33:59"
"-516","736","-481","14:33:07","14:33:59"
"-551","739","-440","14:33:07","14:33:59"
"-616","760","-334","14:33:07","14:33:59"
"-642","779","-308","14:33:07","14:33:59"
"-653","795","-286","14:33:07","14:33:59"
"-639","806","-234","14:33:07","14:33:59"
"-537","799","70","14:33:07","14:33:59"
"-467","775","288","14:33:07","14:33:59"
"-398","772","447","14:33:07","14:33:59"
"-312","978","443","14:33:07","14:33:59"
"-328","1129","405","14:33:07","14:33:59"
"-387","1220","391","14:33:07","14:33:59"
"-471","1211","327","14:33:07","14:33:59"
"-605","860","62","14:33:07","14:33:59"
"-590","635","37","14:33:07","14:33:59"
"-501","525","32","14:33:07","14:33:59"
"-376","556","-102","14:33:07","14:33:59"
"-217","675","-588","14:33:07","14:33:59"
"-177","677","-626","14:33:07","14:33:59"
"-110","725","-530","14:33:07","14:33:59"
"116","1016","-463","14:33:07","14:33:59"
"213","1104","-507","14:33:07","14:33:59"
"280","1108","-511","14:33:07","14:33:59"
"434","1208","-354","14:33:07","14:33:59"
"562","1393","-188","14:33:07","14:33:59"
"685","1565","33","14:33:07","14:33:59"
"637","1490","281","14:33:07","14:33:59"
"409","1270","153","14:33:07","14:33:59"
"149","1071","-58","14:33:07","14:33:59"
"-5","978","-215","14:33:07","14:33:59"
"84","991","-262","14:33:07","14:33:59"
"101","940","-282","14:33:07","14:33:59"
"-3","834","-323","14:33:07","14:33:59"
"-160","746","-333","14:33:07","14:33:59"
"-358","778","-223","14:33:07","14:33:59"
"-458","828","-195","14:33:07","14:33:59"
"-601","841","-201","14:33:07","14:33:59"
"-793","778","-132","14:33:07","14:33:59"
"-765","735","-26","14:33:07","14:33:59"
"-686","682","85","14:33:07","14:33:59"
"-605","622","169","14:33:07","14:33:59"
"-538","622","279","14:33:07","14:33:59"
"-541","745","351","14:33:07","14:33:59"
"-534","883","415","14:33:07","14:33:59"
"-525","876","390","14:33:07","14:33:59"
"-556","804","328","14:33:07","14:33:59"
"-592","817","272","14:33:07","14:33:59"
"-621","923","206","14:33:07","14:33:59"
"-696","994","13","14:33:07","14:33:59"
"-709","804","-46","14:33:07","14:33:59"
"-638","544","-74","14:33:07","14:33:59"
"-484","374","-136","14:33:07","14:33:59"
"-174","577","-454","14:33:07","14:33:59"
"-84","762","-575","14:33:07","14:33:59"
"-18","859","-588","14:33:07","14:33:59"
"79","973","-434","14:33:07","14:33:59"
"100","1100","-391","14:33:07","14:33:59"
"114","1216","-403","14:33:07","14:33:59"
"155","1261","-425","14:33:07","14:33:59"
"391","1211","-300","14:33:07","14:33:59"
"509","1190","-189","14:33:07","14:33:59"
"540","1197","-126","14:33:07","14:33:59"
"409","1301","-162","14:33:07","14:33:59"
"348","1343","-212","14:33:07","14:33:59"
"276","1337","-265","14:33:07","14:33:59"
"158","1279","-299","14:33:07","14:33:59"
"-57","1066","-262","14:33:07","14:33:59"
"-58","966","-238","14:33:07","14:33:59"
"-35","901","-258","14:33:07","14:33:59"
"-53","861","-317","14:33:07","14:33:59"
"-202","790","-409","14:33:07","14:33:59"
"-259","772","-433","14:33:07","14:33:59"
"-308","780","-478","14:33:07","14:33:59"
"-461","779","-590","14:33:07","14:33:59"
"-522","724","-602","14:33:07","14:33:59"
"-551","655","-577","14:33:07","14:33:59"
"-570","612","-527","14:33:07","14:33:59"
"-660","551","-377","14:33:07","14:33:59"
"-722","474","-277","14:33:07","14:33:59"
"-783","420","-163","14:33:07","14:33:59"
"-901","627","151","14:33:07","14:33:59"
"-911","798","374","14:33:07","14:33:59"
"-825","867","591","14:33:07","14:33:59"
"-646","816","685","14:33:07","14:33:59"
"-434","716","280","14:33:07","14:33:59"
"-556","741","-7","14:33:07","14:33:59"
"-710","721","-156","14:33:07","14:33:59"
"-737","632","-172","14:33:07","14:33:59"
"-438","606","-192","14:33:07","14:33:59"
"-314","760","-274","14:33:07","14:33:59"
"-237","935","-372","14:33:07","14:33:59"
"-30","1052","-527","14:33:07","14:33:59"
"111","997","-524","14:33:07","14:33:59"
"252","945","-449","14:33:07","14:33:59"
"378","969","-347","14:33:07","14:33:59"
"523","1307","-212","14:33:07","14:33:59"
"556","1505","-121","14:33:07","14:33:59"
"596","1603","3","14:33:07","14:33:59"
"554","1337","69","14:33:07","14:33:59"
"375","1100","-36","14:33:07","14:33:59"
"167","950","-148","14:33:07","14:33:59"
"58","965","-224","14:33:07","14:33:59"
"107","978","-211","14:33:07","14:33:59"
"89","933","-200","14:33:07","14:33:59"
"-23","861","-217","14:33:07","14:33:59"
"-314","772","-346","14:33:07","14:33:59"
"-403","758","-397","14:33:07","14:33:59"
"-466","742","-400","14:33:07","14:33:59"
"-523","713","-353","14:33:07","14:33:59"
"-620","644","-185","14:33:07","14:33:59"
"-654","621","-100","14:33:07","14:33:59"
"-679","615","-17","14:33:07","14:33:59"
"-657","676","124","14:33:07","14:33:59"
"-612","709","145","14:33:07","14:33:59"
"-599","712","122","14:33:07","14:33:59"
"-737","784","107","14:33:07","14:33:59"
"-780","916","187","14:33:07","14:33:59"
"-738","1041","291","14:33:07","14:33:59"
"-633","1110","348","14:33:07","14:33:59"
"-455","1209","198","14:33:07","14:33:59"
"-476","1195","79","14:33:07","14:33:59"
"-573","999","26","14:33:07","14:33:59"
"-656","345","50","14:33:07","14:33:59"
"-531","289","-48","14:33:07","14:33:59"
"-368","471","-239","14:33:07","14:33:59"
"-243","715","-403","14:33:07","14:33:59"
"-107","869","-368","14:33:07","14:33:59"
"-69","815","-321","14:33:07","14:33:59"
"-61","783","-366","14:33:07","14:33:59"
"-53","822","-448","14:33:07","14:33:59"
"165","1070","-405","14:33:07","14:33:59"
"354","1227","-287","14:33:07","14:33:59"
"491","1373","-153","14:33:07","14:33:59"
"544","1443","104","14:33:07","14:33:59"
"555","1352","163","14:33:07","14:33:59"
"548","1254","133","14:33:07","14:33:59"
"445","1186","35","14:33:07","14:33:59"
"6","1063","-196","14:33:07","14:33:59"
"-78","1003","-272","14:33:07","14:33:59"
"-7","967","-316","14:33:07","14:33:59"
"65","918","-410","14:33:07","14:33:59"
"-76","879","-486","14:33:07","14:33:59"
"-221","839","-535","14:33:07","14:33:59"
"-297","803","-530","14:33:07","14:33:59"
"-435","734","-454","14:33:07","14:33:59"
"-546","710","-421","14:33:07","14:33:59"
"-606","713","-369","14:33:07","14:33:59"
"-535","812","-203","14:33:07","14:33:59"
"-508","858","-145","14:33:07","14:33:59"
"-523","859","-120","14:33:07","14:33:59"
"-573","812","-100","14:33:07","14:33:59"
"-723","687","48","14:33:07","14:33:59"
"-747","677","198","14:33:07","14:33:59"
"-675","717","377","14:33:07","14:33:59"
"-361","830","651","14:33:07","14:33:59"
"-254","854","648","14:33:07","14:33:59"
"-227","875","531","14:33:07","14:33:59"
"-283","916","344","14:33:07","14:33:59"
"-598","919","38","14:33:07","14:33:59"
"-720","801","8","14:33:07","14:33:59"
"-706","659","8","14:33:07","14:33:59"
"-574","599","-47","14:33:07","14:33:59"
"-353","808","-321","14:33:07","14:33:59"
"-329","906","-402","14:33:07","14:33:59"
"-294","908","-418","14:33:07","14:33:59"
"-106","860","-425","14:33:07","14:33:59"
"3","937","-432","14:33:07","14:33:59"
"124","1048","-414","14:33:07","14:33:59"
"414","1222","-284","14:33:07","14:33:59"
"493","1352","-166","14:33:07","14:33:59"
"484","1537","-26","14:33:07","14:33:59"
"425","1678","86","14:33:07","14:33:59"
"270","1394","57","14:33:07","14:33:59"
"140","1074","-44","14:33:07","14:33:59"
"-5","872","-116","14:33:07","14:33:59"
"-75","925","-141","14:33:07","14:33:59"
"-33","953","-196","14:33:07","14:33:59"
"-66","903","-303","14:33:07","14:33:59"
"-199","830","-400","14:33:07","14:33:59"
"-493","773","-354","14:33:07","14:33:59"
"-558","765","-255","14:33:07","14:33:59"
"-589","746","-162","14:33:07","14:33:59"
"-624","704","-15","14:33:07","14:33:59"
"-632","677","20","14:33:07","14:33:59"
"-636","646","22","14:33:07","14:33:59"
"-649","641","16","14:33:07","14:33:59"
"-682","672","100","14:33:07","14:33:59"
"-668","627","196","14:33:07","14:33:59"
"-635","586","300","14:33:07","14:33:59"
"-623","639","378","14:33:07","14:33:59"
"-746","893","374","14:33:07","14:33:59"
"-790","913","333","14:33:07","14:33:59"
"-763","891","292","14:33:07","14:33:59"
"-707","911","130","14:33:07","14:33:59"
"-766","821","62","14:33:07","14:33:59"
"-801","619","75","14:33:07","14:33:59"
"-727","422","131","14:33:07","14:33:59"
"-442","437","-32","14:33:07","14:33:59"
"-403","545","-284","14:33:07","14:33:59"
"-400","600","-501","14:33:07","14:33:59"
"-343","639","-575","14:33:07","14:33:59"
"-70","874","-426","14:33:07","14:33:59"
"39","984","-414","14:33:07","14:33:59"
"111","1042","-460","14:33:07","14:33:59"
"190","1232","-357","14:33:07","14:33:59"
"198","1340","-201","14:33:07","14:33:59"
"204","1365","-81","14:33:07","14:33:59"
"229","1337","-24","14:33:07","14:33:59"
"359","1410","51","14:33:07","14:33:59"
"414","1433","72","14:33:07","14:33:59"
"393","1344","35","14:33:07","14:33:59"
"86","1079","-142","14:33:07","14:33:59"
"-48","1039","-205","14:33:07","14:33:59"
"-82","1022","-241","14:33:07","14:33:59"
"-62","987","-271","14:33:07","14:33:59"
"-181","878","-373","14:33:07","14:33:59"
"-321","798","-432","14:33:07","14:33:59"
"-430","696","-471","14:33:07","14:33:59"
"-483","603","-485","14:33:07","14:33:59"
"-535","562","-451","14:33:07","14:33:59"
"-575","602","-408","14:33:07","14:33:59"
"-619","641","-356","14:33:07","14:33:59"
"-670","651","-253","14:33:07","14:33:59"
"-664","661","-186","14:33:07","14:33:59"
"-638","711","-104","14:33:07","14:33:59"
"-609","793","-36","14:33:07","14:33:59"
"-612","894","-31","14:33:07","14:33:59"
"-648","877","-18","14:33:07","14:33:59"
"-695","836","67","14:33:07","14:33:59"
"-781","810","283","14:33:07","14:33:59"
"-788","849","272","14:33:07","14:33:59"
"-762","890","189","14:33:07","14:33:59"
"-717","900","93","14:33:07","14:33:59"
"-644","828","-43","14:33:07","14:33:59"
"-617","761","-101","14:33:07","14:33:59"
"-578","667","-167","14:33:07","14:33:59"
"-453","507","-358","14:33:07","14:33:59"
"-370","521","-474","14:33:07","14:33:59"
"-271","597","-569","14:33:07","14:33:59"
"-155","708","-617","14:33:07","14:33:59"
"65","992","-539","14:33:07","14:33:59"
"138","1107","-447","14:33:07","14:33:59"
"191","1158","-358","14:33:07","14:33:59"
"239","1171","-288","14:33:07","14:33:59"
"344","1387","-176","14:33:07","14:33:59"
"399","1577","-100","14:33:07","14:33:59"
"445","1662","-17","14:33:07","14:33:59"
"389","1315","41","14:33:07","14:33:59"
"249","1090","-4","14:33:07","14:33:59"
"98","989","-75","14:33:07","14:33:59"
"20","989","-148","14:33:07","14:33:59"
"43","914","-321","14:33:07","14:33:59"
"-34","801","-429","14:33:07","14:33:59"
"-216","715","-512","14:33:07","14:33:59"
"-539","711","-443","14:33:07","14:33:59"
"-571","740","-334","14:33:07","14:33:59"
"-563","751","-263","14:33:07","14:33:59"
"-572","730","-258","14:33:07","14:33:59"
"-662","612","-273","14:33:07","14:33:59"
"-693","551","-199","14:33:07","14:33:59"
"-687","535","-72","14:33:07","14:33:59"
"-649","601","67","14:33:07","14:33:59"
"-573","895","270","14:33:07","14:33:59"
"-568","985","320","14:33:07","14:33:59"
"-583","984","321","14:33:07","14:33:59"
"-671","847","123","14:33:07","14:33:59"
"-726","857","-13","14:33:07","14:33:59"
"-745","987","-83","14:33:07","14:33:59"
"-711","1169","-60","14:33:07","14:33:59"
"-603","1069","115","14:33:07","14:33:59"
"-574","711","178","14:33:07","14:33:59"
"-532","377","170","14:33:07","14:33:59"
"-355","402","-202","14:33:07","14:33:59"
"-271","641","-473","14:33:07","14:33:59"
"-208","824","-637","14:33:07","14:33:59"
"-155","910","-631","14:33:07","14:33:59"
"-51","1013","-361","14:33:07","14:33:59"
"-21","1061","-244","14:33:07","14:33:59"
"-10","1070","-135","14:33:07","14:33:59"
"-2","1044","-8","14:33:07","14:33:59"
"43","1005","122","14:33:07","14:33:59"
"82","1034","30","14:33:07","14:33:59"
"113","1111","-107","14:33:07","14:33:59"
"80","1326","-208","14:33:07","14:33:59"
"67","1381","-175","14:33:07","14:33:59"
"128","1390","-148","14:33:07","14:33:59"
"231","1384","-146","14:33:07","14:33:59"
"136","1334","-203","14:33:07","14:33:59"
"-37","1241","-257","14:33:07","14:33:59"
"-101","1101","-333","14:33:07","14:33:59"
"61","841","-555","14:33:07","14:33:59"
"8","756","-652","14:33:07","14:33:59"
"-166","687","-676","14:33:07","14:33:59"
"-343","629","-611","14:33:07","14:33:59"
"-497","598","-433","14:33:07","14:33:59"
"-537","615","-409","14:33:07","14:33:59"
"-569","638","-395","14:33:07","14:33:59"
"-576","665","-344","14:33:07","14:33:59"
"-565","736","-131","14:33:07","14:33:59"
"-588","775","-20","14:33:07","14:33:59"
"-619","823","83","14:33:07","14:33:59"
"-597","907","267","14:33:07","14:33:59"
"-555","893","301","14:33:07","14:33:59"
"-542","845","267","14:33:07","14:33:59"
"-579","810","190","14:33:07","14:33:59"
"-656","887","130","14:33:07","14:33:59"
"-608","941","166","14:33:07","14:33:59"
"-516","929","177","14:33:07","14:33:59"
"-442","684","-42","14:33:07","14:33:59"
"-477","564","-272","14:33:07","14:33:59"
"-483","528","-536","14:33:07","14:33:59"
"-407","586","-759","14:33:07","14:33:59"
"-66","891","-786","14:33:07","14:33:59"
"111","1066","-613","14:33:07","14:33:59"
"249","1187","-442","14:33:07","14:33:59"
"329","1224","-348","14:33:07","14:33:59"
"336","1227","-326","14:33:07","14:33:59"
"330","1303","-288","14:33:07","14:33:59"
"365","1410","-196","14:33:07","14:33:59"
"474","1436","29","14:33:07","14:33:59"
"428","1292","74","14:33:07","14:33:59"
"273","1109","45","14:33:07","14:33:59"
"68","987","-43","14:33:07","14:33:59"
"-74","983","-235","14:33:07","14:33:59"
"23","953","-251","14:33:07","14:33:59"
"97","867","-216","14:33:07","14:33:59"
"-68","821","-246","14:33:07","14:33:59"
"-201","907","-379","14:33:07","14:33:59"
"-283","972","-537","14:33:07","14:33:59"
"-384","861","-658","14:33:07","14:33:59"
"-462","777","-593","14:33:07","14:33:59"
"-547","745","-492","14:33:07","14:33:59"
"-618","739","-381","14:33:07","14:33:59"
"-692","643","-89","14:33:07","14:33:59"
"-682","621","91","14:33:07","14:33:59"
"-635","685","256","14:33:07","14:33:59"
"-572","858","417","14:33:07","14:33:59"
"-627","841","394","14:33:07","14:33:59"
"-700","786","307","14:33:07","14:33:59"
"-714","756","184","14:33:07","14:33:59"
"-487","866","93","14:33:07","14:33:59"
"-363","991","185","14:33:07","14:33:59"
"-326","1083","282","14:33:07","14:33:59"
"-447","797","221","14:33:07","14:33:59"
"-483","500","71","14:33:07","14:33:59"
"-470","350","-151","14:33:07","14:33:59"
"-438","436","-439","14:33:07","14:33:59"
"-311","777","-863","14:33:07","14:33:59"
"-153","811","-814","14:33:07","14:33:59"
"37","836","-626","14:33:07","14:33:59"
"176","931","-425","14:33:07","14:33:59"
"186","1195","-278","14:33:07","14:33:59"
"168","1250","-289","14:33:07","14:33:59"
"203","1266","-272","14:33:07","14:33:59"
"269","1299","-201","14:33:07","14:33:59"
"287","1444","-46","14:33:07","14:33:59"
"238","1446","-62","14:33:07","14:33:59"
"219","1349","-136","14:33:07","14:33:59"
"239","1210","-202","14:33:07","14:33:59"
"143","1093","-176","14:33:07","14:33:59"
"-2","1107","-176","14:33:07","14:33:59"
"-123","1093","-258","14:33:07","14:33:59"
"-183","953","-548","14:33:07","14:33:59"
"-194","874","-618","14:33:07","14:33:59"
"-219","786","-597","14:33:07","14:33:59"
"-254","679","-518","14:33:07","14:33:59"
"-369","554","-338","14:33:07","14:33:59"
"-444","603","-282","14:33:07","14:33:59"
"-503","688","-269","14:33:07","14:33:59"
"-567","723","-334","14:33:07","14:33:59"
"-599","658","-339","14:33:07","14:33:59"
"-635","603","-305","14:33:07","14:33:59"
"-656","605","-255","14:33:07","14:33:59"
"-617","744","-178","14:33:07","14:33:59"
"-608","829","-131","14:33:07","14:33:59"
"-656","925","-60","14:33:07","14:33:59"
"-744","1033","54","14:33:07","14:33:59"
"-770","1072","478","14:33:07","14:33:59"
"-647","914","677","14:33:07","14:33:59"
"-491","740","709","14:33:07","14:33:59"
"-307","751","245","14:33:07","14:33:59"
"-359","776","-15","14:33:07","14:33:59"
"-503","628","-186","14:33:07","14:33:59"
"-647","388","-312","14:33:07","14:33:59"
"-546","414","-583","14:33:07","14:33:59"
"-330","688","-611","14:33:07","14:33:59"
"-140","916","-501","14:33:07","14:33:59"
"-40","1028","-344","14:33:07","14:33:59"
"-46","1153","-328","14:33:07","14:33:59"
"-59","1197","-429","14:33:07","14:33:59"
"-38","1178","-464","14:33:07","14:33:59"
"25","1112","-402","14:33:07","14:33:59"
"247","1082","-196","14:33:07","14:33:59"
"362","1182","-124","14:33:07","14:33:59"
"441","1334","-55","14:33:07","14:33:59"
"467","1468","14","14:33:07","14:33:59"
"336","1393","14","14:33:07","14:33:59"
"194","1199","-68","14:33:07","14:33:59"
"51","1030","-149","14:33:07","14:33:59"
"-47","949","-246","14:33:07","14:33:59"
"-39","951","-313","14:33:07","14:33:59"
"-82","923","-402","14:33:07","14:33:59"
"-184","871","-464","14:33:07","14:33:59"
"-361","750","-401","14:33:07","14:33:59"
"-413","704","-338","14:33:07","14:33:59"
"-483","687","-296","14:33:07","14:33:59"
"-566","696","-261","14:33:07","14:33:59"
"-628","710","-176","14:33:07","14:33:59"
"-617","706","-157","14:33:07","14:33:59"
"-623","705","-138","14:33:07","14:33:59"
"-641","713","-70","14:33:07","14:33:59"
"-621","767","203","14:33:07","14:33:59"
"-615","797","274","14:33:07","14:33:59"
"-657","810","251","14:33:07","14:33:59"
"-738","808","180","14:33:07","14:33:59"
"-802","835","87","14:33:07","14:33:59"
"-720","887","72","14:33:07","14:33:59"
"-583","939","76","14:33:07","14:33:59"
"-444","980","104","14:33:07","14:33:59"
"-361","1028","165","14:33:07","14:33:59"
"-429","925","138","14:33:07","14:33:59"
"-505","674","32","14:33:07","14:33:59"
"-506","347","-414","14:33:07","14:33:59"
"-409","551","-599","14:33:07","14:33:59"
"-251","852","-609","14:33:07","14:33:59"
"-68","1049","-447","14:33:07","14:33:59"
"62","1079","-174","14:33:07","14:33:59"
"-32","1070","-245","14:33:07","14:33:59"
"-119","1063","-369","14:33:07","14:33:59"
"-99","1045","-438","14:33:07","14:33:59"
"240","1094","-337","14:33:07","14:33:59"
"398","1200","-227","14:33:07","14:33:59"
"467","1320","-102","14:33:07","14:33:59"
"453","1391","13","14:33:07","14:33:59"
"351","1263","-11","14:33:07","14:33:59"
"308","1186","-173","14:33:07","14:33:59"
"235","1191","-309","14:33:07","14:33:59"
"121","1223","-325","14:33:07","14:33:59"
"-33","1075","-192","14:33:07","14:33:59"
"-48","977","-249","14:33:07","14:33:59"
"-88","946","-386","14:33:07","14:33:59"
"-239","881","-544","14:33:07","14:33:59"
"-270","786","-516","14:33:07","14:33:59"
"-285","709","-473","14:33:07","14:33:59"
"-334","695","-443","14:33:07","14:33:59"
"-520","755","-382","14:33:07","14:33:59"
"-568","758","-330","14:33:07","14:33:59"
"-560","742","-269","14:33:07","14:33:59"
"-531","717","-216","14:33:07","14:33:59"
"-581","640","-163","14:33:07","14:33:59"
"-674","628","-142","14:33:07","14:33:59"
"-771","660","-99","14:33:07","14:33:59"
"-875","791","106","14:33:07","14:33:59"
"-884","834","270","14:33:07","14:33:59"
"-860","837","436","14:33:07","14:33:59"
"-786","790","536","14:33:07","14:33:59"
"-507","720","393","14:33:07","14:33:59"
"-402","822","231","14:33:07","14:33:59"
"-399","968","116","14:33:07","14:33:59"
"-490","996","84","14:33:07","14:33:59"
"-607","548","100","14:33:07","14:33:59"
"-518","411","27","14:33:07","14:33:59"
"-383","502","-87","14:33:07","14:33:59"
"-265","686","-176","14:33:07","14:33:59"
"-161","738","-165","14:33:07","14:33:59"
"-183","710","-142","14:33:07","14:33:59"
"-236","788","-160","14:33:07","14:33:59"
"-261","938","-208","14:33:07","14:33:59"
"-85","1168","-238","14:33:07","14:33:59"
"51","1291","-198","14:33:07","14:33:59"
"166","1477","-155","14:33:07","14:33:59"
"401","1764","-81","14:33:07","14:33:59"
"487","1671","-53","14:33:07","14:33:59"
"439","1435","-57","14:33:07","14:33:59"
"238","1186","-90","14:33:07","14:33:59"
"-95","1004","-117","14:33:07","14:33:59"
"-41","1016","-107","14:33:07","14:33:59"
"39","1003","-125","14:33:07","14:33:59"
"7","952","-184","14:33:07","14:33:59"
"-282","803","-343","14:33:07","14:33:59"
"-351","722","-388","14:33:07","14:33:59"
"-375","657","-392","14:33:07","14:33:59"
"-440","637","-359","14:33:07","14:33:59"
"-720","687","-242","14:33:07","14:33:59"
"-807","688","-189","14:33:07","14:33:59"
"-811","664","-146","14:33:07","14:33:59"
"-771","635","-107","14:33:07","14:33:59"
"-739","570","-16","14:33:07","14:33:59"
"-760","532","51","14:33:07","14:33:59"
"-782","517","128","14:33:07","14:33:59"
"-813","614","231","14:33:07","14:33:59"
"-813","703","236","14:33:07","14:33:59"
"-791","776","215","14:33:07","14:33:59"
"-741","805","176","14:33:07","14:33:59"
"-581","811","59","14:33:07","14:33:59"
"-523","852","-28","14:33:07","14:33:59"
"-532","881","-120","14:33:07","14:33:59"
"-601","825","-174","14:33:07","14:33:59"
"-607","565","-163","14:33:07","14:33:59"
"-481","591","-206","14:33:07","14:33:59"
"-350","759","-300","14:33:07","14:33:59"
"-242","1005","-340","14:33:07","14:33:59"
"-217","952","-257","14:33:07","14:33:59"
"-169","879","-194","14:33:07","14:33:59"
"-98","916","-185","14:33:07","14:33:59"
"69","1457","-181","14:33:07","14:33:59"
"129","1684","-158","14:33:07","14:33:59"
"123","1635","-150","14:33:07","14:33:59"
"20","1344","-141","14:33:07","14:33:59"
"-321","908","-15","14:33:07","14:33:59"
"-375","939","22","14:33:07","14:33:59"
"-316","998","-20","14:33:07","14:33:59"
"-227","1008","-107","14:33:07","14:33:59"
"-233","958","-212","14:33:07","14:33:59"
"-326","900","-260","14:33:07","14:33:59"
"-433","793","-343","14:33:07","14:33:59"
"-535","672","-436","14:33:07","14:33:59"
"-675","587","-497","14:33:07","14:33:59"
"-705","615","-454","14:33:07","14:33:59"
"-716","637","-382","14:33:07","14:33:59"
"-729","622","-197","14:33:07","14:33:59"
"-738","625","-105","14:33:07","14:33:59"
"-744","648","-31","14:33:07","14:33:59"
"-739","679","18","14:33:07","14:33:59"
"-687","725","77","14:33:07","14:33:59"
"-654","728","115","14:33:07","14:33:59"
"-646","713","160","14:33:07","14:33:59"
"-731","712","303","14:33:07","14:33:59"
"-726","769","424","14:33:07","14:33:59"
"-623","858","510","14:33:07","14:33:59"
"-469","943","474","14:33:07","14:33:59"
"-446","862","136","14:33:07","14:33:59"
"-606","668","20","14:33:07","14:33:59"
"-735","490","-51","14:33:07","14:33:59"
"-746","454","-147","14:33:07","14:33:59"
"-490","819","-299","14:33:07","14:33:59"
"-337","1000","-242","14:33:07","14:33:59"
"-220","1065","-152","14:33:07","14:33:59"
"-155","1037","-115","14:33:07","14:33:59"
"-103","967","-183","14:33:07","14:33:59"
"-31","1041","-190","14:33:07","14:33:59"
"95","1277","-166","14:33:07","14:33:59"
"239","1647","-143","14:33:07","14:33:59"
"306","1755","-148","14:33:07","14:33:59"
"172","1197","-92","14:33:07","14:33:59"
"0","643","52","14:33:07","14:33:59"
"-125","499","203","14:33:07","14:33:59"
"-183","956","89","14:33:07","14:33:59"
"-211","948","-93","14:33:07","14:33:59"
"-281","809","-184","14:33:07","14:33:59"
"-476","797","-163","14:33:07","14:33:59"
"-547","838","-209","14:33:07","14:33:59"
"-599","796","-265","14:33:07","14:33:59"
"-655","723","-257","14:33:07","14:33:59"
"-776","744","-100","14:33:07","14:33:59"
"-784","781","-55","14:33:07","14:33:59"
"-739","766","-43","14:33:07","14:33:59"
"-676","713","-36","14:33:07","14:33:59"
"-640","666","58","14:33:07","14:33:59"
"-659","716","147","14:33:07","14:33:59"
"-663","786","205","14:33:07","14:33:59"
"-642","825","176","14:33:07","14:33:59"
"-586","790","-69","14:33:07","14:33:59"
"-574","835","-138","14:33:07","14:33:59"
"-550","974","-118","14:33:07","14:33:59"
"-491","1128","-42","14:33:07","14:33:59"
"-382","976","107","14:33:07","14:33:59"
"-387","692","121","14:33:07","14:33:59"
"-400","508","42","14:33:07","14:33:59"
"-307","687","-357","14:33:07","14:33:59"
"-218","774","-477","14:33:07","14:33:59"
"-139","750","-427","14:33:07","14:33:59"
"-85","732","-285","14:33:07","14:33:59"
"-29","1031","-249","14:33:07","14:33:59"
"10","1199","-329","14:33:07","14:33:59"
"71","1268","-329","14:33:07","14:33:59"
"146","1297","-249","14:33:07","14:33:59"
"287","1509","-190","14:33:07","14:33:59"
"306","1557","-202","14:33:07","14:33:59"
"257","1422","-110","14:33:07","14:33:59"
"162","1165","88","14:33:07","14:33:59"
"34","964","215","14:33:07","14:33:59"
"5","1088","-14","14:33:07","14:33:59"
"-50","1176","-283","14:33:07","14:33:59"
"-132","1133","-435","14:33:07","14:33:59"
"-239","899","-393","14:33:07","14:33:59"
"-269","840","-374","14:33:07","14:33:59"
"-311","793","-408","14:33:07","14:33:59"
"-355","688","-496","14:33:07","14:33:59"
"-395","692","-502","14:33:07","14:33:59"
"-429","731","-492","14:33:07","14:33:59"
"-492","760","-473","14:33:07","14:33:59"
"-601","714","-357","14:33:07","14:33:59"
"-639","687","-232","14:33:07","14:33:59"
"-693","695","-65","14:33:07","14:33:59"
"-741","727","109","14:33:07","14:33:59"
"-667","806","282","14:33:07","14:33:59"
"-593","863","232","14:33:07","14:33:59"
"-585","916","146","14:33:07","14:33:59"
"-646","932","84","14:33:07","14:33:59"
"-654","883","58","14:33:07","14:33:59"
"-475","918","66","14:33:07","14:33:59"
"-257","997","91","14:33:07","14:33:59"
"-153","1033","114","14:33:07","14:33:59"
"-433","795","-79","14:33:07","14:33:59"
"-567","660","-317","14:33:07","14:33:59"
"-536","618","-531","14:33:07","14:33:59"
"-366","649","-607","14:33:07","14:33:59"
"16","775","-355","14:33:07","14:33:59"
"102","883","-249","14:33:07","14:33:59"
"105","999","-268","14:33:07","14:33:59"
"13","1053","-460","14:33:07","14:33:59"
"6","1030","-487","14:33:07","14:33:59"
"50","1054","-453","14:33:07","14:33:59"
"136","1159","-379","14:33:07","14:33:59"
"346","1538","-115","14:33:07","14:33:59"
"421","1634","47","14:33:07","14:33:59"
"443","1523","147","14:33:07","14:33:59"
"393","1256","125","14:33:07","14:33:59"
"148","982","-145","14:33:07","14:33:59"
"85","1045","-240","14:33:07","14:33:59"
"102","1044","-296","14:33:07","14:33:59"
"116","917","-376","14:33:07","14:33:59"
"-210","687","-630","14:33:07","14:33:59"
"-464","691","-647","14:33:07","14:33:59"
"-629","705","-522","14:33:07","14:33:59"
"-676","704","-327","14:33:07","14:33:59"
"-647","752","-114","14:33:07","14:33:59"
"-654","783","-128","14:33:07","14:33:59"
"-668","767","-163","14:33:07","14:33:59"
"-697","611","-164","14:33:07","14:33:59"
"-720","555","-104","14:33:07","14:33:59"
"-737","573","-10","14:33:07","14:33:59"
"-714","674","103","14:33:07","14:33:59"
"-487","962","405","14:33:07","14:33:59"
"-369","1064","521","14:33:07","14:33:59"
"-346","1108","484","14:33:07","14:33:59"
"-429","1073","267","14:33:07","14:33:59"
"-619","927","-237","14:33:07","14:33:59"
"-592","955","-291","14:33:07","14:33:59"
"-503","983","-208","14:33:07","14:33:59"
"-409","871","-81","14:33:07","14:33:59"
"-257","412","-149","14:33:07","14:33:59"
"-173","421","-401","14:33:07","14:33:59"
"-88","626","-648","14:33:07","14:33:59"
"-10","853","-738","14:33:07","14:33:59"
"112","947","-489","14:33:07","14:33:59"
"159","920","-391","14:33:07","14:33:59"
"217","957","-361","14:33:07","14:33:59"
"386","1161","-193","14:33:07","14:33:59"
"436","1270","-61","14:33:07","14:33:59"
"437","1387","-15","14:33:07","14:33:59"
"427","1474","-88","14:33:07","14:33:59"
"552","1338","-275","14:33:07","14:33:59"
"594","1215","-257","14:33:07","14:33:59"
"479","1174","-202","14:33:07","14:33:59"
"216","1190","-183","14:33:07","14:33:59"
"-139","1090","-290","14:33:07","14:33:59"
"-82","985","-361","14:33:07","14:33:59"
"-1","907","-436","14:33:07","14:33:59"
"2","855","-521","14:33:07","14:33:59"
"-131","734","-619","14:33:07","14:33:59"
"-188","677","-594","14:33:07","14:33:59"
"-251","657","-554","14:33:07","14:33:59"
"-326","681","-540","14:33:07","14:33:59"
"-442","718","-567","14:33:07","14:33:59"
"-501","672","-547","14:33:07","14:33:59"
"-602","624","-478","14:33:07","14:33:59"
"-731","631","-343","14:33:07","14:33:59"
"-828","752","106","14:33:07","14:33:59"
"-731","780","282","14:33:07","14:33:59"
"-587","811","328","14:33:07","14:33:59"
"-443","990","293","14:33:07","14:33:59"
"-497","1054","364","14:33:07","14:33:59"
"-566","1049","423","14:33:07","14:33:59"
"-571","1006","382","14:33:07","14:33:59"
"-397","906","129","14:33:07","14:33:59"
"-365","810","48","14:33:07","14:33:59"
"-418","682","-31","14:33:07","14:33:59"
"-488","571","-169","14:33:07","14:33:59"
"-380","525","-537","14:33:07","14:33:59"
"-211","616","-620","14:33:07","14:33:59"
"-41","795","-600","14:33:07","14:33:59"
"93","1025","-525","14:33:07","14:33:59"
"277","1261","-364","14:33:07","14:33:59"
"328","1209","-279","14:33:07","14:33:59"
"335","1177","-182","14:33:07","14:33:59"
"307","1267","-90","14:33:07","14:33:59"
"336","1569","9","14:33:07","14:33:59"
"403","1518","34","14:33:07","14:33:59"
"412","1309","55","14:33:07","14:33:59"
"172","981","0","14:33:07","14:33:59"
"76","1017","-87","14:33:07","14:33:59"
"68","1092","-161","14:33:07","14:33:59"
"89","1109","-181","14:33:07","14:33:59"
"-68","951","-143","14:33:07","14:33:59"
"-207","853","-177","14:33:07","14:33:59"
"-286","774","-272","14:33:07","14:33:59"
"-291","736","-402","14:33:07","14:33:59"
"-324","801","-568","14:33:07","14:33:59"
"-442","819","-534","14:33:07","14:33:59"
"-593","776","-445","14:33:07","14:33:59"
"-714","702","-346","14:33:07","14:33:59"
"-763","641","-227","14:33:07","14:33:59"
"-738","641","-197","14:33:07","14:33:59"
"-722","636","-152","14:33:07","14:33:59"
"-712","668","-57","14:33:07","14:33:59"
"-547","972","333","14:33:07","14:33:59"
"-380","1123","517","14:33:07","14:33:59"
"-251","1158","557","14:33:07","14:33:59"
"-328","1018","134","14:33:07","14:33:59"
"-453","985","-134","14:33:07","14:33:59"
"-548","955","-276","14:33:07","14:33:59"
"-595","872","-250","14:33:07","14:33:59"
"-531","658","-27","14:33:07","14:33:59"
"-421","636","-48","14:33:07","14:33:59"
"-298","652","-175","14:33:07","14:33:59"
"-203","663","-323","14:33:07","14:33:59"
"-92","729","-502","14:33:07","14:33:59"
"-38","847","-559","14:33:07","14:33:59"
"24","979","-594","14:33:07","14:33:59"
"95","1068","-574","14:33:07","14:33:59"
"267","1124","-383","14:33:07","14:33:59"
"355","1146","-276","14:33:07","14:33:59"
"420","1178","-188","14:33:07","14:33:59"
"440","1222","-126","14:33:07","14:33:59"
"318","1270","-159","14:33:07","14:33:59"
"235","1222","-258","14:33:07","14:33:59"
"191","1150","-344","14:33:07","14:33:59"
"177","1106","-351","14:33:07","14:33:59"
"73","1089","-158","14:33:07","14:33:59"
"-4","1042","-118","14:33:07","14:33:59"
"-46","983","-188","14:33:07","14:33:59"
"-98","968","-470","14:33:07","14:33:59"
"-192","969","-562","14:33:07","14:33:59"
"-323","927","-602","14:33:07","14:33:59"
"-443","852","-596","14:33:07","14:33:59"
"-538","685","-439","14:33:07","14:33:59"
"-533","603","-348","14:33:07","14:33:59"
"-524","543","-313","14:33:07","14:33:59"
"-522","526","-329","14:33:07","14:33:59"
"-546","568","-310","14:33:07","14:33:59"
"-594","586","-234","14:33:07","14:33:59"
"-674","616","-139","14:33:07","14:33:59"
"-757","667","-25","14:33:07","14:33:59"
"-754","718","325","14:33:07","14:33:59"
"-642","718","531","14:33:07","14:33:59"
"-510","770","677","14:33:07","14:33:59"
"-404","875","698","14:33:07","14:33:59"
"-296","1009","319","14:33:07","14:33:59"
"-322","1045","23","14:33:07","14:33:59"
"-455","1095","-168","14:33:07","14:33:59"
"-791","925","65","14:33:07","14:33:59"
"-730","679","228","14:33:07","14:33:59"
"-508","511","151","14:33:07","14:33:59"
"-284","526","-148","14:33:07","14:33:59"
"-167","782","-596","14:33:07","14:33:59"
"-147","832","-528","14:33:07","14:33:59"
"-64","852","-373","14:33:07","14:33:59"
"36","897","-250","14:33:07","14:33:59"
"69","1079","-172","14:33:07","14:33:59"
"50","1171","-153","14:33:07","14:33:59"
"87","1246","-134","14:33:07","14:33:59"
"193","1316","-114","14:33:07","14:33:59"
"445","1485","-19","14:33:07","14:33:59"
"488","1505","47","14:33:07","14:33:59"
"433","1415","77","14:33:07","14:33:59"
"292","1252","44","14:33:07","14:33:59"
"-10","1033","-138","14:33:07","14:33:59"
"-56","1018","-209","14:33:07","14:33:59"
"-39","1007","-231","14:33:07","14:33:59"
"-87","910","-221","14:33:07","14:33:59"
"-202","854","-251","14:33:07","14:33:59"
"-319","818","-298","14:33:07","14:33:59"
"-396","801","-322","14:33:07","14:33:59"
"-491","780","-253","14:33:07","14:33:59"
"-549","752","-193","14:33:07","14:33:59"
"-591","709","-141","14:33:07","14:33:59"
"-603","661","-98","14:33:07","14:33:59"
"-610","645","-3","14:33:07","14:33:59"
"-642","699","42","14:33:07","14:33:59"
"-679","770","62","14:33:07","14:33:59"
"-691","836","55","14:33:07","14:33:59"
"-600","950","85","14:33:07","14:33:59"
"-564","979","154","14:33:07","14:33:59"
"-587","961","231","14:33:07","14:33:59"
"-650","904","265","14:33:07","14:33:59"
"-631","845","120","14:33:07","14:33:59"
"-518","849","32","14:33:07","14:33:59"
"-414","809","22","14:33:07","14:33:59"
"-373","714","61","14:33:07","14:33:59"
"-382","579","-39","14:33:07","14:33:59"
"-319","601","-172","14:33:07","14:33:59"
"-203","650","-253","14:33:07","14:33:59"
"-71","737","-310","14:33:07","14:33:59"
"-98","775","-405","14:33:07","14:33:59"
"-112","825","-505","14:33:07","14:33:59"
"-64","910","-541","14:33:07","14:33:59"
"168","1229","-539","14:33:07","14:33:59"
"307","1423","-547","14:33:07","14:33:59"
"460","1541","-477","14:33:07","14:33:59"
"633","1502","-318","14:33:07","14:33:59"
"831","1197","-140","14:33:07","14:33:59"
"690","1195","-207","14:33:07","14:33:59"
"402","1266","-279","14:33:07","14:33:59"
"121","1259","-302","14:33:07","14:33:59"
"14","990","-346","14:33:07","14:33:59"
"78","934","-419","14:33:07","14:33:59"
"76","930","-495","14:33:07","14:33:59"
"-5","901","-549","14:33:07","14:33:59"
"-218","758","-601","14:33:07","14:33:59"
"-297","693","-602","14:33:07","14:33:59"
"-367","615","-586","14:33:07","14:33:59"
"-464","442","-521","14:33:07","14:33:59"
"-493","437","-461","14:33:07","14:33:59"
"-534","545","-380","14:33:07","14:33:59"
"-599","759","-296","14:33:07","14:33:59"
"-716","1130","-128","14:33:07","14:33:59"
"-700","1061","3","14:33:07","14:33:59"
"-615","854","143","14:33:07","14:33:59"
"-492","687","225","14:33:07","14:33:59"
"-390","862","240","14:33:07","14:33:59"
"-486","1040","285","14:33:07","14:33:59"
"-618","1137","339","14:33:07","14:33:59"
"-688","1164","324","14:33:07","14:33:59"
"-520","1064","147","14:33:07","14:33:59"
"-402","858","127","14:33:07","14:33:59"
"-352","593","108","14:33:07","14:33:59"
"-368","421","-34","14:33:07","14:33:59"
"-379","585","-599","14:33:07","14:33:59"
"-305","702","-709","14:33:07","14:33:59"
"-197","712","-647","14:33:07","14:33:59"
"10","723","-526","14:33:07","14:33:59"
"119","882","-557","14:33:07","14:33:59"
"249","1079","-568","14:33:07","14:33:59"
"396","1226","-526","14:33:07","14:33:59"
"634","1463","-327","14:33:07","14:33:59"
"699","1616","-161","14:33:07","14:33:59"
"738","1677","22","14:33:07","14:33:59"
"719","1544","133","14:33:07","14:33:59"
"320","993","-40","14:33:07","14:33:59"
"75","867","-180","14:33:07","14:33:59"
"-5","880","-231","14:33:07","14:33:59"
"85","934","-206","14:33:07","14:33:59"
"167","920","-208","14:33:07","14:33:59"
"21","886","-283","14:33:07","14:33:59"
"-124","865","-357","14:33:07","14:33:59"
"-185","851","-396","14:33:07","14:33:59"
"-224","860","-432","14:33:07","14:33:59"
"-315","893","-464","14:33:07","14:33:59"
"-425","904","-474","14:33:07","14:33:59"
"-551","697","-330","14:33:07","14:33:59"
"-570","501","-235","14:33:07","14:33:59"
"-571","401","-192","14:33:07","14:33:59"
"-555","568","-201","14:33:07","14:33:59"
"-457","1407","-85","14:33:07","14:33:59"
"-361","1507","127","14:33:07","14:33:59"
"-266","1294","292","14:33:07","14:33:59"
"-234","1065","249","14:33:07","14:33:59"
"-432","1159","-91","14:33:07","14:33:59"
"-520","1175","0","14:33:07","14:33:59"
"-483","1048","212","14:33:07","14:33:59"
"-342","918","318","14:33:07","14:33:59"
"-248","869","38","14:33:07","14:33:59"
"-387","777","-105","14:33:07","14:33:59"
"-493","627","-171","14:33:07","14:33:59"
"-454","536","-194","14:33:07","14:33:59"
"-195","618","-161","14:33:07","14:33:59"
"-169","633","-116","14:33:07","14:33:59"
"-183","593","-114","14:33:07","14:33:59"
"-163","565","-187","14:33:07","14:33:59"
"-56","695","-453","14:33:07","14:33:59"
"-39","819","-557","14:33:07","14:33:59"
"0","965","-592","14:33:07","14:33:59"
"280","1274","-407","14:33:07","14:33:59"
"422","1382","-268","14:33:07","14:33:59"
"481","1455","-163","14:33:07","14:33:59"
"473","1516","-91","14:33:07","14:33:59"
"484","1480","-16","14:33:07","14:33:59"
"504","1309","-23","14:33:07","14:33:59"
"448","1137","-61","14:33:07","14:33:59"
"288","1083","-127","14:33:07","14:33:59"
"89","1131","-214","14:33:07","14:33:59"
"-39","1142","-304","14:33:07","14:33:59"
"-49","1026","-379","14:33:07","14:33:59"
"-2","746","-491","14:33:07","14:33:59"
"-76","733","-539","14:33:07","14:33:59"
"-171","737","-556","14:33:07","14:33:59"
"-233","699","-531","14:33:07","14:33:59"
"-272","640","-494","14:33:07","14:33:59"
"-449","637","-505","14:33:07","14:33:59"
"-557","682","-525","14:33:07","14:33:59"
"-610","703","-504","14:33:07","14:33:59"
"-594","675","-437","14:33:07","14:33:59"
"-539","632","-350","14:33:07","14:33:59"
"-484","642","-272","14:33:07","14:33:59"
"-457","745","-210","14:33:07","14:33:59"
"-464","901","-130","14:33:07","14:33:59"
"-509","1144","223","14:33:07","14:33:59"
"-504","1234","431","14:33:07","14:33:59"
"-472","1306","539","14:33:07","14:33:59"
"-420","1301","503","14:33:07","14:33:59"
"-351","1192","373","14:33:07","14:33:59"
"-270","1049","236","14:33:07","14:33:59"
"-250","930","101","14:33:07","14:33:59"
"-398","876","28","14:33:07","14:33:59"
"-569","759","-104","14:33:07","14:33:59"
"-626","646","-279","14:33:07","14:33:59"
"-515","619","-433","14:33:07","14:33:59"
"-319","670","-503","14:33:07","14:33:59"
"-160","732","-464","14:33:07","14:33:59"
"-77","776","-358","14:33:07","14:33:59"
"6","971","-265","14:33:07","14:33:59"
"32","1089","-322","14:33:07","14:33:59"
"26","1125","-347","14:33:07","14:33:59"
"0","1073","-274","14:33:07","14:33:59"
"-9","999","-132","14:33:07","14:33:59"
"19","984","-20","14:33:07","14:33:59"
"64","1058","-6","14:33:07","14:33:59"
"90","1302","-114","14:33:07","14:33:59"
"75","1319","-90","14:33:07","14:33:59"
"74","1250","-13","14:33:07","14:33:59"
"100","1179","44","14:33:07","14:33:59"
"149","1179","40","14:33:07","14:33:59"
"183","1234","-12","14:33:07","14:33:59"
"153","1264","-78","14:33:07","14:33:59"
"-102","1104","-236","14:33:07","14:33:59"
"-188","991","-336","14:33:07","14:33:59"
"-185","907","-415","14:33:07","14:33:59"
"-148","845","-450","14:33:07","14:33:59"
"-158","790","-449","14:33:07","14:33:59"
"-239","744","-434","14:33:07","14:33:59"
"-345","719","-413","14:33:07","14:33:59"
"-427","723","-373","14:33:07","14:33:59"
"-525","770","-224","14:33:07","14:33:59"
"-593","794","-145","14:33:07","14:33:59"
"-661","807","-73","14:33:07","14:33:59"
"-689","792","5","14:33:07","14:33:59"
"-660","744","99","14:33:07","14:33:59"
"-604","692","192","14:33:07","14:33:59"
"-579","798","311","14:33:07","14:33:59"
"-631","940","325","14:33:07","14:33:59"
"-686","1038","296","14:33:07","14:33:59"
"-696","1046","231","14:33:07","14:33:59"
"-644","995","172","14:33:07","14:33:59"
"-581","937","150","14:33:07","14:33:59"
"-596","865","121","14:33:07","14:33:59"
"-801","482","-163","14:33:07","14:33:59"
"-758","263","-340","14:33:07","14:33:59"
"-563","210","-456","14:33:07","14:33:59"
"-333","356","-524","14:33:07","14:33:59"
"-179","581","-580","14:33:07","14:33:59"
"-103","747","-619","14:33:07","14:33:59"
"-42","841","-612","14:33:07","14:33:59"
"103","1073","-524","14:33:07","14:33:59"
"158","1179","-492","14:33:07","14:33:59"
"219","1204","-425","14:33:07","14:33:59"
"305","1188","-286","14:33:07","14:33:59"
"395","1220","-114","14:33:07","14:33:59"
"438","1328","7","14:33:07","14:33:59"
"408","1441","38","14:33:07","14:33:59"
"331","1465","14","14:33:07","14:33:59"
"255","1222","4","14:33:07","14:33:59"
"248","1127","14","14:33:07","14:33:59"
"175","1125","-10","14:33:07","14:33:59"
"34","1159","-84","14:33:07","14:33:59"
"-80","1145","-190","14:33:07","14:33:59"
"-87","1068","-302","14:33:07","14:33:59"
"-25","981","-403","14:33:07","14:33:59"
"-93","876","-540","14:33:07","14:33:59"
"-217","794","-564","14:33:07","14:33:59"
"-302","696","-562","14:33:07","14:33:59"
"-345","637","-548","14:33:07","14:33:59"
"-393","643","-527","14:33:07","14:33:59"
"-469","690","-498","14:33:07","14:33:59"
"-548","736","-457","14:33:07","14:33:59"
"-597","741","-365","14:33:07","14:33:59"
"-582","705","-324","14:33:07","14:33:59"
"-576","674","-273","14:33:07","14:33:59"
"-597","670","-190","14:33:07","14:33:59"
"-643","703","-63","14:33:07","14:33:59"
"-703","759","103","14:33:07","14:33:59"
"-747","807","300","14:33:07","14:33:59"
"-671","818","577","14:33:07","14:33:59"
"-543","800","532","14:33:07","14:33:59"
"-419","779","382","14:33:07","14:33:59"
"-360","768","234","14:33:07","14:33:59"
"-364","802","172","14:33:07","14:33:59"
"-378","899","192","14:33:07","14:33:59"
"-367","992","219","14:33:07","14:33:59"
"-418","798","63","14:33:07","14:33:59"
"-501","596","-140","14:33:07","14:33:59"
"-534","534","-384","14:33:07","14:33:59"
"-463","672","-581","14:33:07","14:33:59"
"-311","906","-638","14:33:07","14:33:59"
"-138","1083","-533","14:33:07","14:33:59"
"8","1131","-347","14:33:07","14:33:59"
"115","1098","-197","14:33:07","14:33:59"
"188","1052","-139","14:33:07","14:33:59"
"245","989","-197","14:33:07","14:33:59"
"223","1005","-236","14:33:07","14:33:59"
"183","1125","-246","14:33:07","14:33:59"
"157","1350","-204","14:33:07","14:33:59"
"184","1575","-103","14:33:07","14:33:59"
"264","1656","25","14:33:07","14:33:59"
"331","1538","122","14:33:07","14:33:59"
"163","1170","65","14:33:07","14:33:59"
"7","1158","-47","14:33:07","14:33:59"
"-66","1208","-148","14:33:07","14:33:59"
"-57","1200","-218","14:33:07","14:33:59"
"-45","1087","-275","14:33:07","14:33:59"
"-89","912","-345","14:33:07","14:33:59"
"-171","739","-431","14:33:07","14:33:59"
"-342","522","-555","14:33:07","14:33:59"
"-455","491","-554","14:33:07","14:33:59"
"-590","484","-512","14:33:07","14:33:59"
"-704","473","-437","14:33:07","14:33:59"
"-767","453","-342","14:33:07","14:33:59"
"-793","442","-242","14:33:07","14:33:59"
"-826","457","-150","14:33:07","14:33:59"
"-883","496","-70","14:33:07","14:33:59"
"-969","585","88","14:33:07","14:33:59"
"-935","649","170","14:33:07","14:33:59"
"-836","736","251","14:33:07","14:33:59"
"-693","813","326","14:33:07","14:33:59"
"-559","843","379","14:33:07","14:33:59"
"-505","831","384","14:33:07","14:33:59"
"-565","804","316","14:33:07","14:33:59"
"-758","709","72","14:33:07","14:33:59"
"-685","645","36","14:33:07","14:33:59"
"-488","635","85","14:33:07","14:33:59"
"-294","700","117","14:33:07","14:33:59"
"-236","773","12","14:33:07","14:33:59"
"-330","755","-243","14:33:07","14:33:59"
"-456","636","-534","14:33:07","14:33:59"
"-471","523","-718","14:33:07","14:33:59"
"-100","724","-645","14:33:07","14:33:59"
"143","982","-493","14:33:07","14:33:59"
"346","1228","-333","14:33:07","14:33:59"
"474","1432","-206","14:33:07","14:33:59"
"513","1606","-135","14:33:07","14:33:59"
"484","1717","-111","14:33:07","14:33:59"
"426","1677","-104","14:33:07","14:33:59"
"356","1442","-93","14:33:07","14:33:59"
"134","891","-82","14:33:07","14:33:59"
"13","872","-103","14:33:07","14:33:59"
"-61","969","-139","14:33:07","14:33:59"
"-80","1030","-182","14:33:07","14:33:59"
"-72","997","-229","14:33:07","14:33:59"
"-89","934","-298","14:33:07","14:33:59"
"-164","901","-394","14:33:07","14:33:59"
"-284","880","-490","14:33:07","14:33:59"
"-404","830","-539","14:33:07","14:33:59"
"-537","711","-480","14:33:07","14:33:59"
"-561","703","-435","14:33:07","14:33:59"
"-570","705","-395","14:33:07","14:33:59"
"-575","688","-343","14:33:07","14:33:59"
"-588","662","-264","14:33:07","14:33:59"
"-612","656","-162","14:33:07","14:33:59"
"-629","675","-59","14:33:07","14:33:59"
"-621","716","18","14:33:07","14:33:59"
"-578","858","100","14:33:07","14:33:59"
"-578","911","191","14:33:07","14:33:59"
"-579","904","345","14:33:07","14:33:59"
"-557","860","493","14:33:07","14:33:59"
"-510","843","543","14:33:07","14:33:59"
"-448","895","480","14:33:07","14:33:59"
"-378","993","366","14:33:07","14:33:59"
"-326","1074","258","14:33:07","14:33:59"
"-464","939","64","14:33:07","14:33:59"
"-607","718","-18","14:33:07","14:33:59"
"-649","528","-92","14:33:07","14:33:59"
"-539","493","-186","14:33:07","14:33:59"
"-357","622","-307","14:33:07","14:33:59"
"-217","793","-406","14:33:07","14:33:59"
"-157","882","-428","14:33:07","14:33:59"
"-78","911","-345","14:33:07","14:33:59"
"13","984","-328","14:33:07","14:33:59"
"122","1070","-313","14:33:07","14:33:59"
"215","1147","-278","14:33:07","14:33:59"
"282","1281","-228","14:33:07","14:33:59"
"346","1529","-177","14:33:07","14:33:59"
"418","1778","-111","14:33:07","14:33:59"
"458","1790","-18","14:33:07","14:33:59"
"185","1021","78","14:33:07","14:33:59"
"-56","772","-14","14:33:07","14:33:59"
"-202","810","-152","14:33:07","14:33:59"
"-200","933","-242","14:33:07","14:33:59"
"-131","925","-238","14:33:07","14:33:59"
"-123","793","-182","14:33:07","14:33:59"
"-228","698","-142","14:33:07","14:33:59"
"-506","811","-145","14:33:07","14:33:59"
"-558","846","-127","14:33:07","14:33:59"
"-577","801","-98","14:33:07","14:33:59"
"-602","733","-81","14:33:07","14:33:59"
"-631","705","-72","14:33:07","14:33:59"
"-639","722","-43","14:33:07","14:33:59"
"-623","746","18","14:33:07","14:33:59"
"-600","754","106","14:33:07","14:33:59"
"-574","787","260","14:33:07","14:33:59"
"-554","826","277","14:33:07","14:33:59"
"-536","858","240","14:33:07","14:33:59"
"-533","893","176","14:33:07","14:33:59"
"-523","968","124","14:33:07","14:33:59"
"-466","1091","108","14:33:07","14:33:59"
"-382","1186","117","14:33:07","14:33:59"
"-367","1141","123","14:33:07","14:33:59"
"-483","913","104","14:33:07","14:33:59"
"-682","423","-73","14:33:07","14:33:59"
"-522","474","-214","14:33:07","14:33:59"
"-272","685","-321","14:33:07","14:33:59"
"-93","866","-347","14:33:07","14:33:59"
"-48","901","-320","14:33:07","14:33:59"
"-79","838","-317","14:33:07","14:33:59"
"-109","800","-376","14:33:07","14:33:59"
"-90","938","-474","14:33:07","14:33:59"
"-60","1027","-421","14:33:07","14:33:59"
"-6","1098","-338","14:33:07","14:33:59"
"75","1166","-272","14:33:07","14:33:59"
"154","1240","-233","14:33:07","14:33:59"
"193","1321","-193","14:33:07","14:33:59"
"185","1409","-131","14:33:07","14:33:59"
"159","1469","-59","14:33:07","14:33:59"
"67","1237","-4","14:33:07","14:33:59"
"-39","998","-41","14:33:07","14:33:59"
"-169","880","-105","14:33:07","14:33:59"
"-268","947","-181","14:33:07","14:33:59"
"-296","1071","-258","14:33:07","14:33:59"
"-262","1070","-311","14:33:07","14:33:59"
"-219","913","-317","14:33:07","14:33:59"
"-268","642","-276","14:33:07","14:33:59"
"-351","656","-324","14:33:07","14:33:59"
"-434","686","-425","14:33:07","14:33:59"
"-500","683","-523","14:33:07","14:33:59"
"-548","677","-555","14:33:07","14:33:59"
"-575","702","-496","14:33:07","14:33:59"
"-581","747","-378","14:33:07","14:33:59"
"-574","770","-266","14:33:07","14:33:59"
"-569","718","-213","14:33:07","14:33:59"
"-571","695","-232","14:33:07","14:33:59"
"-567","698","-227","14:33:07","14:33:59"
"-562","717","-187","14:33:07","14:33:59"
"-559","740","-132","14:33:07","14:33:59"
"-554","760","-83","14:33:07","14:33:59"
"-535","769","-41","14:33:07","14:33:59"
"-508","771","8","14:33:07","14:33:59"
"-521","901","131","14:33:07","14:33:59"
"-552","1077","178","14:33:07","14:33:59"
"-549","1243","208","14:33:07","14:33:59"
"-500","1292","218","14:33:07","14:33:59"
"-437","1194","207","14:33:07","14:33:59"
"-406","1034","172","14:33:07","14:33:59"
"-443","925","125","14:33:07","14:33:59"
"-549","900","76","14:33:07","14:33:59"
"-780","854","-67","14:33:07","14:33:59"
"-764","770","-158","14:33:07","14:33:59"
"-635","716","-217","14:33:07","14:33:59"
"-458","736","-218","14:33:07","14:33:59"
"-315","806","-173","14:33:07","14:33:59"
"-246","859","-120","14:33:07","14:33:59"
"-240","854","-93","14:33:07","14:33:59"
"-262","808","-103","14:33:07","14:33:59"
"-279","763","-136","14:33:07","14:33:59"
"-244","758","-196","14:33:07","14:33:59"
"-196","778","-213","14:33:07","14:33:59"
"-137","805","-222","14:33:07","14:33:59"
"-72","849","-221","14:33:07","14:33:59"
"-10","922","-214","14:33:07","14:33:59"
"33","1021","-208","14:33:07","14:33:59"
"56","1144","-194","14:33:07","14:33:59"
"67","1299","-153","14:33:07","14:33:59"
"88","1567","6","14:33:07","14:33:59"
"52","1450","46","14:33:07","14:33:59"
"-57","1097","22","14:33:07","14:33:59"
"-214","703","-43","14:33:07","14:33:59"
"-335","532","-113","14:33:07","14:33:59"
"-361","660","-167","14:33:07","14:33:59"
"-314","903","-197","14:33:07","14:33:59"
"-267","1037","-191","14:33:07","14:33:59"
"-305","964","-109","14:33:07","14:33:59"
"-348","957","-114","14:33:07","14:33:59"
"-377","978","-163","14:33:07","14:33:59"
"-390","963","-200","14:33:07","14:33:59"
"-393","903","-177","14:33:07","14:33:59"
"-390","841","-117","14:33:07","14:33:59"
"-386","823","-83","14:33:07","14:33:59"
"-383","850","-113","14:33:07","14:33:59"
"-378","930","-213","14:33:07","14:33:59"
"-372","934","-205","14:33:07","14:33:59"
"-366","908","-179","14:33:07","14:33:59"
"-368","874","-170","14:33:07","14:33:59"
"-381","860","-188","14:33:07","14:33:59"
"-401","874","-214","14:33:07","14:33:59"
"-420","897","-226","14:33:07","14:33:59"
"-426","906","-219","14:33:07","14:33:59"
"-402","876","-184","14:33:07","14:33:59"
"-389","864","-179","14:33:07","14:33:59"
"-388","861","-181","14:33:07","14:33:59"
"-398","864","-182","14:33:07","14:33:59"
"-413","867","-182","14:33:07","14:33:59"
"-427","871","-189","14:33:07","14:33:59"
"-431","877","-211","14:33:07","14:33:59"
"-428","883","-239","14:33:07","14:33:59"
"-426","888","-258","14:33:07","14:33:59"
"-424","889","-254","14:33:07","14:33:59"
"-413","884","-241","14:33:07","14:33:59"
"-401","879","-223","14:33:07","14:33:59"
"-400","877","-201","14:33:07","14:33:59"
"-418","886","-174","14:33:07","14:33:59"
"-403","886","-180","14:33:07","14:33:59"
"-371","875","-191","14:33:07","14:33:59"
"-349","860","-196","14:33:07","14:33:59"
"-386","864","-194","14:33:07","14:33:59"
"-420","891","-202","14:33:07","14:33:59"
"-437","916","-217","14:33:07","14:33:59"
"-437","925","-228","14:33:07","14:33:59"
"-423","897","-226","14:33:07","14:33:59"
"-417","880","-223","14:33:07","14:33:59"
"-407","872","-228","14:33:07","14:33:59"
"-396","875","-238","14:33:07","14:33:59"
"-374","890","-233","14:33:07","14:33:59"
"-365","881","-206","14:33:07","14:33:59"
"-362","859","-170","14:33:07","14:33:59"
"-380","841","-146","14:33:07","14:33:59"
"-486","885","-177","14:33:07","14:33:59"
"-516","925","-217","14:33:07","14:33:59"
"-493","926","-244","14:33:07","14:33:59"
"-406","795","-239","14:33:07","14:33:59"
"-420","766","-233","14:33:07","14:33:59"
"-458","808","-237","14:33:07","14:33:59"
"-479","877","-248","14:33:07","14:33:59"
"-441","887","-241","14:33:07","14:33:59"
"-452","844","-222","14:33:07","14:33:59"
"-499","819","-211","14:33:07","14:33:59"
"-541","813","-219","14:33:07","14:33:59"
"-496","808","-276","14:33:07","14:33:59"
"-455","822","-301","14:33:07","14:33:59"
"-447","851","-313","14:33:07","14:33:59"
"-459","875","-311","14:33:07","14:33:59"
"-442","867","-284","14:33:07","14:33:59"
"-417","855","-272","14:33:07","14:33:59"
"-408","843","-258","14:33:07","14:33:59"
"-416","826","-232","14:33:07","14:33:59"
"-448","779","-168","14:33:07","14:33:59"
"-466","782","-168","14:33:07","14:33:59"
"-485","815","-196","14:33:07","14:33:59"
"-495","859","-233","14:33:07","14:33:59"
"-479","871","-260","14:33:07","14:33:59"
"-459","842","-249","14:33:07","14:33:59"
"-441","823","-232","14:33:07","14:33:59"
"-418","849","-215","14:33:07","14:33:59"
"-417","866","-223","14:33:07","14:33:59"
"-420","871","-237","14:33:07","14:33:59"
"-421","870","-248","14:33:07","14:33:59"
"-411","870","-224","14:33:07","14:33:59"
"-403","868","-202","14:33:07","14:33:59"
"-395","864","-191","14:33:07","14:33:59"
"-385","867","-196","14:33:07","14:33:59"
"-360","903","-227","14:33:07","14:33:59"
"-357","906","-237","14:33:07","14:33:59"
"-364","893","-239","14:33:07","14:33:59"
"-377","881","-233","14:33:07","14:33:59"
"-392","909","-211","14:33:07","14:33:59"
"-391","923","-211","14:33:07","14:33:59"
"-385","917","-216","14:33:07","14:33:59"
"-377","899","-220","14:33:07","14:33:59"
"-359","876","-202","14:33:07","14:33:59"
"-354","883","-192","14:33:07","14:33:59"
"-352","894","-191","14:33:07","14:33:59"
"-358","895","-204","14:33:07","14:33:59"
"-364","885","-205","14:33:07","14:33:59"
"-370","877","-201","14:33:07","14:33:59"
"-374","875","-199","14:33:07","14:33:59"
"-379","890","-210","14:33:07","14:33:59"
"-383","896","-219","14:33:07","14:33:59"
"-389","897","-225","14:33:07","14:33:59"
"-392","893","-226","14:33:07","14:33:59"
"-380","884","-216","14:33:07","14:33:59"
"-370","878","-206","14:33:07","14:33:59"
"-368","873","-197","14:33:07","14:33:59"
"-375","872","-197","14:33:07","14:33:59"
"-389","881","-223","14:33:07","14:33:59"
"-390","885","-236","14:33:07","14:33:59"
"-394","885","-241","14:33:07","14:33:59"
"-401","881","-238","14:33:07","14:33:59"
"-413","886","-223","14:33:07","14:33:59"
"-406","893","-219","14:33:07","14:33:59"
"-392","893","-220","14:33:07","14:33:59"
"-377","872","-223","14:33:07","14:33:59"
"-383","869","-214","14:33:07","14:33:59"
"-392","872","-204","14:33:07","14:33:59"
"-399","875","-201","14:33:07","14:33:59"
"-408","878","-211","14:33:07","14:33:59"
"-411","883","-215","14:33:07","14:33:59"
"-410","885","-217","14:33:07","14:33:59"
"-406","882","-219","14:33:07","14:33:59"
"-402","873","-210","14:33:07","14:33:59"
"-403","873","-201","14:33:07","14:33:59"
"-402","875","-195","14:33:07","14:33:59"
"-401","876","-199","14:33:07","14:33:59"
"-402","877","-219","14:33:07","14:33:59"
"-407","877","-222","14:33:07","14:33:59"
"-412","874","-218","14:33:07","14:33:59"
"-415","871","-211","14:33:07","14:33:59"
"-413","872","-207","14:33:07","14:33:59"
"-414","875","-213","14:33:07","14:33:59"
"-415","877","-216","14:33:07","14:33:59"
"-413","874","-213","14:33:07","14:33:59"
"-412","865","-208","14:33:07","14:33:59"
"-418","865","-215","14:33:07","14:33:59"
"-427","866","-223","14:33:07","14:33:59"
"-428","866","-223","14:33:07","14:33:59"
"-421","866","-218","14:33:07","14:33:59"
"-416","867","-218","14:33:07","14:33:59"
"-419","866","-222","14:33:07","14:33:59"
"-434","860","-222","14:33:07","14:33:59"
"-437","859","-216","14:33:07","14:33:59"
"-438","860","-212","14:33:07","14:33:59"
"-437","862","-214","14:33:07","14:33:59"
"-439","865","-223","14:33:07","14:33:59"
"-439","863","-222","14:33:07","14:33:59"
"-437","858","-219","14:33:07","14:33:59"
"-436","851","-218","14:33:07","14:33:59"
"-441","850","-214","14:33:07","14:33:59"
"-443","854","-213","14:33:07","14:33:59"
"-442","857","-214","14:33:07","14:33:59"
"-441","858","-217","14:33:07","14:33:59"
"-442","855","-221","14:33:07","14:33:59"
"-440","854","-221","14:33:07","14:33:59"
"-436","854","-218","14:33:07","14:33:59"
"-436","858","-209","14:33:07","14:33:59"
"-437","858","-206","14:33:07","14:33:59"
"-434","858","-209","14:33:07","14:33:59"
"-430","857","-216","14:33:07","14:33:59"
"-434","859","-224","14:33:07","14:33:59"
"-438","860","-222","14:33:07","14:33:59"
"-439","859","-219","14:33:07","14:33:59"
"-437","857","-218","14:33:07","14:33:59"
"-441","857","-225","14:33:07","14:33:59"
"-444","858","-229","14:33:07","14:33:59"
"-444","858","-230","14:33:07","14:33:59"
"-441","860","-227","14:33:07","14:33:59"
"-440","861","-226","14:33:07","14:33:59"
"-441","860","-224","14:33:07","14:33:59"
"-443","858","-223","14:33:07","14:33:59"
"-446","856","-220","14:33:07","14:33:59"
"-446","858","-217","14:33:07","14:33:59"
"-445","859","-216","14:33:07","14:33:59"
"-444","859","-218","14:33:07","14:33:59"
"-440","854","-223","14:33:07","14:33:59"
"-437","855","-219","14:33:07","14:33:59"
"-433","856","-214","14:33:07","14:33:59"
"-436","857","-216","14:33:07","14:33:59"
"-441","858","-221","14:33:07","14:33:59"
"-444","861","-224","14:33:07","14:33:59"
"-441","860","-219","14:33:07","14:33:59"
"-438","858","-213","14:33:07","14:33:59"
"-437","857","-211","14:33:07","14:33:59"
"-438","857","-214","14:33:07","14:33:59"
"-437","858","-222","14:33:07","14:33:59"
"-436","860","-221","14:33:07","14:33:59"
"-435","861","-219","14:33:07","14:33:59"
"-433","861","-220","14:33:07","14:33:59"
"-428","859","-224","14:33:07","14:33:59"
"-433","859","-223","14:33:07","14:33:59"
"-445","857","-222","14:33:07","14:33:59"
"-459","855","-222","14:33:07","14:33:59"
"-468","857","-232","14:33:07","14:33:59"
"-462","860","-233","14:33:07","14:33:59"
"-453","860","-229","14:33:07","14:33:59"
"-446","855","-223","14:33:07","14:33:59"
"-444","846","-216","14:33:07","14:33:59"
"-449","848","-215","14:33:07","14:33:59"
"-454","853","-220","14:33:07","14:33:59"
"-455","857","-229","14:33:07","14:33:59"
"-451","853","-231","14:33:07","14:33:59"
"-448","848","-220","14:33:07","14:33:59"
"-447","846","-211","14:33:07","14:33:59"
"-446","848","-217","14:33:07","14:33:59"
"-447","850","-223","14:33:07","14:33:59"
"-448","849","-223","14:33:07","14:33:59"
"-450","848","-221","14:33:07","14:33:59"
"-450","849","-220","14:33:07","14:33:59"
"-448","850","-221","14:33:07","14:33:59"
"-447","849","-221","14:33:07","14:33:59"
"-449","848","-220","14:33:07","14:33:59"
"-455","849","-219","14:33:07","14:33:59"
"-453","852","-219","14:33:07","14:33:59"
"-449","854","-219","14:33:07","14:33:59"
"-449","854","-220","14:33:07","14:33:59"
"-458","850","-220","14:33:07","14:33:59"
"-461","850","-218","14:33:07","14:33:59"
"-461","853","-217","14:33:07","14:33:59"
"-460","856","-218","14:33:07","14:33:59"
"-458","851","-225","14:33:07","14:33:59"
"-455","845","-228","14:33:07","14:33:59"
"-452","841","-230","14:33:07","14:33:59"
"-451","843","-231","14:33:07","14:33:59"
"-452","848","-230","14:33:07","14:33:59"
"-453","852","-230","14:33:07","14:33:59"
"-455","853","-232","14:33:07","14:33:59"
"-457","848","-231","14:33:07","14:33:59"
"-456","845","-226","14:33:07","14:33:59"
"-455","846","-225","14:33:07","14:33:59"
"-457","850","-230","14:33:07","14:33:59"
"-467","853","-235","14:33:07","14:33:59"
"-467","848","-228","14:33:07","14:33:59"
"-460","843","-218","14:33:07","14:33:59"
"-450","839","-210","14:33:07","14:33:59"
"-456","843","-213","14:33:07","14:33:59"
"-463","847","-219","14:33:07","14:33:59"
"-463","850","-228","14:33:07","14:33:59"
"-450","843","-241","14:33:07","14:33:59"
"-447","840","-237","14:33:07","14:33:59"
"-447","843","-227","14:33:07","14:33:59"
"-450","849","-213","14:33:07","14:33:59"
"-451","846","-214","14:33:07","14:33:59"
