"x","y","z","s","e"
"843","807","-16","14:38:03","14:38:54"
"851","697","-42","14:38:03","14:38:54"
"866","496","-175","14:38:03","14:38:54"
"901","440","-212","14:38:03","14:38:54"
"910","408","-150","14:38:03","14:38:54"
"871","465","-71","14:38:03","14:38:54"
"765","604","73","14:38:03","14:38:54"
"635","596","69","14:38:03","14:38:54"
"608","595","38","14:38:03","14:38:54"
"807","699","-31","14:38:03","14:38:54"
"966","739","-76","14:38:03","14:38:54"
"986","666","-47","14:38:03","14:38:54"
"863","520","172","14:38:03","14:38:54"
"940","456","226","14:38:03","14:38:54"
"1091","404","161","14:38:03","14:38:54"
"1073","436","122","14:38:03","14:38:54"
"1106","598","118","14:38:03","14:38:54"
"1171","668","108","14:38:03","14:38:54"
"1048","623","51","14:38:03","14:38:54"
"875","572","87","14:38:03","14:38:54"
"769","563","182","14:38:03","14:38:54"
"823","506","109","14:38:03","14:38:54"
"723","316","-34","14:38:03","14:38:54"
"592","327","52","14:38:03","14:38:54"
"426","471","280","14:38:03","14:38:54"
"446","541","198","14:38:03","14:38:54"
"530","622","117","14:38:03","14:38:54"
"669","829","4","14:38:03","14:38:54"
"655","877","-46","14:38:03","14:38:54"
"561","868","-111","14:38:03","14:38:54"
"528","841","-93","14:38:03","14:38:54"
"487","791","0","14:38:03","14:38:54"
"456","960","25","14:38:03","14:38:54"
"457","1148","-2","14:38:03","14:38:54"
"575","1296","18","14:38:03","14:38:54"
"678","1123","85","14:38:03","14:38:54"
"760","742","92","14:38:03","14:38:54"
"737","734","18","14:38:03","14:38:54"
"794","733","-67","14:38:03","14:38:54"
"878","510","-26","14:38:03","14:38:54"
"832","513","5","14:38:03","14:38:54"
"730","690","4","14:38:03","14:38:54"
"730","725","-10","14:38:03","14:38:54"
"705","739","37","14:38:03","14:38:54"
"682","761","65","14:38:03","14:38:54"
"724","746","79","14:38:03","14:38:54"
"802","689","130","14:38:03","14:38:54"
"860","652","111","14:38:03","14:38:54"
"1006","493","-87","14:38:03","14:38:54"
"1017","432","-175","14:38:03","14:38:54"
"935","477","-96","14:38:03","14:38:54"
"951","493","72","14:38:03","14:38:54"
"1088","413","441","14:38:03","14:38:54"
"1100","419","521","14:38:03","14:38:54"
"1023","532","425","14:38:03","14:38:54"
"1039","523","318","14:38:03","14:38:54"
"1032","499","304","14:38:03","14:38:54"
"905","495","240","14:38:03","14:38:54"
"722","464","149","14:38:03","14:38:54"
"625","430","137","14:38:03","14:38:54"
"453","400","138","14:38:03","14:38:54"
"401","433","117","14:38:03","14:38:54"
"434","607","84","14:38:03","14:38:54"
"577","772","43","14:38:03","14:38:54"
"605","822","5","14:38:03","14:38:54"
"593","857","-13","14:38:03","14:38:54"
"553","860","19","14:38:03","14:38:54"
"520","824","40","14:38:03","14:38:54"
"504","876","43","14:38:03","14:38:54"
"570","1050","88","14:38:03","14:38:54"
"641","1034","134","14:38:03","14:38:54"
"732","807","132","14:38:03","14:38:54"
"773","737","61","14:38:03","14:38:54"
"895","646","-46","14:38:03","14:38:54"
"921","542","-51","14:38:03","14:38:54"
"848","446","-32","14:38:03","14:38:54"
"817","573","12","14:38:03","14:38:54"
"838","586","24","14:38:03","14:38:54"
"833","568","12","14:38:03","14:38:54"
"808","602","10","14:38:03","14:38:54"
"827","641","14","14:38:03","14:38:54"
"870","620","19","14:38:03","14:38:54"
"889","675","105","14:38:03","14:38:54"
"858","786","178","14:38:03","14:38:54"
"875","988","249","14:38:03","14:38:54"
"941","944","260","14:38:03","14:38:54"
"1015","581","296","14:38:03","14:38:54"
"969","453","293","14:38:03","14:38:54"
"985","468","263","14:38:03","14:38:54"
"1070","369","182","14:38:03","14:38:54"
"1042","385","167","14:38:03","14:38:54"
"1016","460","202","14:38:03","14:38:54"
"1002","498","331","14:38:03","14:38:54"
"967","461","395","14:38:03","14:38:54"
"800","422","453","14:38:03","14:38:54"
"698","425","447","14:38:03","14:38:54"
"485","417","387","14:38:03","14:38:54"
"304","455","278","14:38:03","14:38:54"
"240","539","171","14:38:03","14:38:54"
"238","575","147","14:38:03","14:38:54"
"277","672","162","14:38:03","14:38:54"
"352","730","173","14:38:03","14:38:54"
"663","806","125","14:38:03","14:38:54"
"805","814","83","14:38:03","14:38:54"
"772","827","66","14:38:03","14:38:54"
"608","934","34","14:38:03","14:38:54"
"616","1054","17","14:38:03","14:38:54"
"714","1170","89","14:38:03","14:38:54"
"771","1052","90","14:38:03","14:38:54"
"832","827","-34","14:38:03","14:38:54"
"798","839","-42","14:38:03","14:38:54"
"765","766","16","14:38:03","14:38:54"
"817","654","-2","14:38:03","14:38:54"
"852","590","-28","14:38:03","14:38:54"
"725","658","54","14:38:03","14:38:54"
"668","691","79","14:38:03","14:38:54"
"618","737","43","14:38:03","14:38:54"
"622","701","13","14:38:03","14:38:54"
"714","596","18","14:38:03","14:38:54"
"923","700","87","14:38:03","14:38:54"
"1007","706","172","14:38:03","14:38:54"
"974","583","219","14:38:03","14:38:54"
"979","439","256","14:38:03","14:38:54"
"1036","469","254","14:38:03","14:38:54"
"1134","448","244","14:38:03","14:38:54"
"1152","390","225","14:38:03","14:38:54"
"1110","399","205","14:38:03","14:38:54"
"1061","464","229","14:38:03","14:38:54"
"942","520","270","14:38:03","14:38:54"
"734","454","271","14:38:03","14:38:54"
"613","437","286","14:38:03","14:38:54"
"448","439","277","14:38:03","14:38:54"
"403","468","229","14:38:03","14:38:54"
"359","581","128","14:38:03","14:38:54"
"363","604","113","14:38:03","14:38:54"
"433","593","106","14:38:03","14:38:54"
"490","644","78","14:38:03","14:38:54"
"557","835","12","14:38:03","14:38:54"
"557","881","4","14:38:03","14:38:54"
"582","820","26","14:38:03","14:38:54"
"616","787","39","14:38:03","14:38:54"
"643","920","-16","14:38:03","14:38:54"
"706","1016","-48","14:38:03","14:38:54"
"902","1066","12","14:38:03","14:38:54"
"959","937","60","14:38:03","14:38:54"
"924","640","22","14:38:03","14:38:54"
"911","629","0","14:38:03","14:38:54"
"986","645","37","14:38:03","14:38:54"
"989","576","38","14:38:03","14:38:54"
"808","520","21","14:38:03","14:38:54"
"709","552","36","14:38:03","14:38:54"
"647","589","57","14:38:03","14:38:54"
"655","617","52","14:38:03","14:38:54"
"657","689","17","14:38:03","14:38:54"
"709","650","-17","14:38:03","14:38:54"
"795","667","-11","14:38:03","14:38:54"
"971","757","43","14:38:03","14:38:54"
"981","711","103","14:38:03","14:38:54"
"981","517","253","14:38:03","14:38:54"
"1073","490","277","14:38:03","14:38:54"
"1287","476","176","14:38:03","14:38:54"
"1301","414","119","14:38:03","14:38:54"
"1206","391","174","14:38:03","14:38:54"
"1037","519","300","14:38:03","14:38:54"
"716","427","290","14:38:03","14:38:54"
"569","378","315","14:38:03","14:38:54"
"408","411","388","14:38:03","14:38:54"
"365","445","363","14:38:03","14:38:54"
"317","514","227","14:38:03","14:38:54"
"323","563","165","14:38:03","14:38:54"
"380","676","105","14:38:03","14:38:54"
"422","713","98","14:38:03","14:38:54"
"496","741","97","14:38:03","14:38:54"
"499","759","106","14:38:03","14:38:54"
"485","782","95","14:38:03","14:38:54"
"525","749","37","14:38:03","14:38:54"
"548","798","4","14:38:03","14:38:54"
"696","1192","-111","14:38:03","14:38:54"
"844","1352","-103","14:38:03","14:38:54"
"972","1036","164","14:38:03","14:38:54"
"884","746","221","14:38:03","14:38:54"
"787","669","9","14:38:03","14:38:54"
"852","753","-58","14:38:03","14:38:54"
"927","603","-13","14:38:03","14:38:54"
"836","496","27","14:38:03","14:38:54"
"691","580","53","14:38:03","14:38:54"
"626","568","39","14:38:03","14:38:54"
"666","634","46","14:38:03","14:38:54"
"736","713","86","14:38:03","14:38:54"
"801","687","74","14:38:03","14:38:54"
"836","622","8","14:38:03","14:38:54"
"971","636","-41","14:38:03","14:38:54"
"1036","654","-21","14:38:03","14:38:54"
"1187","520","-32","14:38:03","14:38:54"
"1257","430","-34","14:38:03","14:38:54"
"1242","397","44","14:38:03","14:38:54"
"1195","430","83","14:38:03","14:38:54"
"1226","391","101","14:38:03","14:38:54"
"1194","311","227","14:38:03","14:38:54"
"1058","324","333","14:38:03","14:38:54"
"677","320","424","14:38:03","14:38:54"
"509","309","411","14:38:03","14:38:54"
"330","363","362","14:38:03","14:38:54"
"305","401","317","14:38:03","14:38:54"
"282","460","203","14:38:03","14:38:54"
"340","579","141","14:38:03","14:38:54"
"482","731","130","14:38:03","14:38:54"
"516","767","136","14:38:03","14:38:54"
"503","764","142","14:38:03","14:38:54"
"507","756","126","14:38:03","14:38:54"
"583","751","87","14:38:03","14:38:54"
"635","767","78","14:38:03","14:38:54"
"736","970","80","14:38:03","14:38:54"
"788","1146","117","14:38:03","14:38:54"
"838","1147","216","14:38:03","14:38:54"
"710","670","117","14:38:03","14:38:54"
"670","605","51","14:38:03","14:38:54"
"829","733","-22","14:38:03","14:38:54"
"928","693","-67","14:38:03","14:38:54"
"914","567","-55","14:38:03","14:38:54"
"880","587","10","14:38:03","14:38:54"
"912","612","5","14:38:03","14:38:54"
"881","602","-29","14:38:03","14:38:54"
"682","648","107","14:38:03","14:38:54"
"641","681","192","14:38:03","14:38:54"
"719","688","145","14:38:03","14:38:54"
"755","622","108","14:38:03","14:38:54"
"848","557","142","14:38:03","14:38:54"
"912","545","149","14:38:03","14:38:54"
"893","558","236","14:38:03","14:38:54"
"837","565","288","14:38:03","14:38:54"
"897","526","290","14:38:03","14:38:54"
"1013","491","269","14:38:03","14:38:54"
"1138","470","277","14:38:03","14:38:54"
"1106","483","309","14:38:03","14:38:54"
"1124","457","304","14:38:03","14:38:54"
"1102","393","294","14:38:03","14:38:54"
"986","418","325","14:38:03","14:38:54"
"654","498","385","14:38:03","14:38:54"
"493","479","360","14:38:03","14:38:54"
"245","447","242","14:38:03","14:38:54"
"212","498","201","14:38:03","14:38:54"
"307","631","190","14:38:03","14:38:54"
"426","734","188","14:38:03","14:38:54"
"487","778","179","14:38:03","14:38:54"
"578","803","186","14:38:03","14:38:54"
"587","771","193","14:38:03","14:38:54"
"560","689","155","14:38:03","14:38:54"
"549","698","81","14:38:03","14:38:54"
"568","745","54","14:38:03","14:38:54"
"670","981","11","14:38:03","14:38:54"
"752","1127","0","14:38:03","14:38:54"
"847","1006","75","14:38:03","14:38:54"
"745","518","111","14:38:03","14:38:54"
"764","474","28","14:38:03","14:38:54"
"1001","628","-77","14:38:03","14:38:54"
"1036","618","-47","14:38:03","14:38:54"
"897","518","-38","14:38:03","14:38:54"
"863","524","-34","14:38:03","14:38:54"
"852","581","99","14:38:03","14:38:54"
"795","595","142","14:38:03","14:38:54"
"677","616","125","14:38:03","14:38:54"
"769","629","220","14:38:03","14:38:54"
"836","641","251","14:38:03","14:38:54"
"837","674","147","14:38:03","14:38:54"
"822","634","99","14:38:03","14:38:54"
"896","482","137","14:38:03","14:38:54"
"938","442","157","14:38:03","14:38:54"
"991","430","113","14:38:03","14:38:54"
"1176","472","108","14:38:03","14:38:54"
"1261","484","126","14:38:03","14:38:54"
"1242","420","187","14:38:03","14:38:54"
"1172","389","313","14:38:03","14:38:54"
"1137","366","314","14:38:03","14:38:54"
"966","268","239","14:38:03","14:38:54"
"855","286","280","14:38:03","14:38:54"
"589","446","328","14:38:03","14:38:54"
"413","478","242","14:38:03","14:38:54"
"158","496","175","14:38:03","14:38:54"
"176","545","231","14:38:03","14:38:54"
"422","633","195","14:38:03","14:38:54"
"592","697","63","14:38:03","14:38:54"
"601","737","52","14:38:03","14:38:54"
"591","731","43","14:38:03","14:38:54"
"608","689","33","14:38:03","14:38:54"
"667","689","25","14:38:03","14:38:54"
"706","805","-5","14:38:03","14:38:54"
"809","1257","-65","14:38:03","14:38:54"
"846","1364","-40","14:38:03","14:38:54"
"762","979","2","14:38:03","14:38:54"
"630","748","45","14:38:03","14:38:54"
"809","731","75","14:38:03","14:38:54"
"930","590","3","14:38:03","14:38:54"
"1008","459","-51","14:38:03","14:38:54"
"984","508","18","14:38:03","14:38:54"
"845","535","94","14:38:03","14:38:54"
"746","523","88","14:38:03","14:38:54"
"681","581","128","14:38:03","14:38:54"
"735","612","146","14:38:03","14:38:54"
"799","598","129","14:38:03","14:38:54"
"777","596","128","14:38:03","14:38:54"
"787","676","137","14:38:03","14:38:54"
"905","669","133","14:38:03","14:38:54"
"961","588","141","14:38:03","14:38:54"
"1081","448","154","14:38:03","14:38:54"
"1153","438","168","14:38:03","14:38:54"
"1262","413","244","14:38:03","14:38:54"
"1262","387","259","14:38:03","14:38:54"
"1205","391","178","14:38:03","14:38:54"
"1191","390","165","14:38:03","14:38:54"
"1097","336","339","14:38:03","14:38:54"
"959","337","423","14:38:03","14:38:54"
"459","419","310","14:38:03","14:38:54"
"381","420","266","14:38:03","14:38:54"
"333","472","187","14:38:03","14:38:54"
"330","528","109","14:38:03","14:38:54"
"387","649","-61","14:38:03","14:38:54"
"443","713","-103","14:38:03","14:38:54"
"507","802","-64","14:38:03","14:38:54"
"496","816","-10","14:38:03","14:38:54"
"476","931","69","14:38:03","14:38:54"
"484","1053","57","14:38:03","14:38:54"
"434","1189","-18","14:38:03","14:38:54"
"364","1050","68","14:38:03","14:38:54"
"421","1001","160","14:38:03","14:38:54"
"660","1134","238","14:38:03","14:38:54"
"776","1211","230","14:38:03","14:38:54"
"968","950","161","14:38:03","14:38:54"
"973","701","109","14:38:03","14:38:54"
"771","576","128","14:38:03","14:38:54"
"720","663","146","14:38:03","14:38:54"
"797","692","25","14:38:03","14:38:54"
"776","646","-9","14:38:03","14:38:54"
"578","606","38","14:38:03","14:38:54"
"521","637","9","14:38:03","14:38:54"
"646","742","64","14:38:03","14:38:54"
"731","792","68","14:38:03","14:38:54"
"829","773","-85","14:38:03","14:38:54"
"830","709","-113","14:38:03","14:38:54"
"875","663","52","14:38:03","14:38:54"
"917","691","119","14:38:03","14:38:54"
"914","581","123","14:38:03","14:38:54"
"915","471","169","14:38:03","14:38:54"
"1039","498","384","14:38:03","14:38:54"
"1112","558","407","14:38:03","14:38:54"
"1166","523","308","14:38:03","14:38:54"
"1211","325","84","14:38:03","14:38:54"
"1182","349","148","14:38:03","14:38:54"
"1046","487","345","14:38:03","14:38:54"
"966","470","307","14:38:03","14:38:54"
"735","432","239","14:38:03","14:38:54"
"591","471","297","14:38:03","14:38:54"
"321","517","306","14:38:03","14:38:54"
"213","503","240","14:38:03","14:38:54"
"182","535","209","14:38:03","14:38:54"
"289","594","220","14:38:03","14:38:54"
"537","665","129","14:38:03","14:38:54"
"577","679","49","14:38:03","14:38:54"
"532","775","-33","14:38:03","14:38:54"
"520","795","-41","14:38:03","14:38:54"
"586","731","-101","14:38:03","14:38:54"
"649","801","-123","14:38:03","14:38:54"
"715","995","-86","14:38:03","14:38:54"
"789","1338","103","14:38:03","14:38:54"
"752","1260","156","14:38:03","14:38:54"
"616","888","145","14:38:03","14:38:54"
"620","855","143","14:38:03","14:38:54"
"684","901","138","14:38:03","14:38:54"
"810","752","7","14:38:03","14:38:54"
"832","557","-93","14:38:03","14:38:54"
"876","443","-156","14:38:03","14:38:54"
"921","520","-133","14:38:03","14:38:54"
"948","574","-136","14:38:03","14:38:54"
"880","549","-131","14:38:03","14:38:54"
"790","538","-83","14:38:03","14:38:54"
"773","533","29","14:38:03","14:38:54"
"866","528","8","14:38:03","14:38:54"
"954","595","-129","14:38:03","14:38:54"
"907","623","-162","14:38:03","14:38:54"
"934","529","-71","14:38:03","14:38:54"
"1052","440","24","14:38:03","14:38:54"
"1140","351","181","14:38:03","14:38:54"
"1037","389","198","14:38:03","14:38:54"
"934","443","139","14:38:03","14:38:54"
"1039","405","120","14:38:03","14:38:54"
"1176","377","134","14:38:03","14:38:54"
"1271","430","184","14:38:03","14:38:54"
"1230","462","185","14:38:03","14:38:54"
"1115","524","212","14:38:03","14:38:54"
"1063","539","224","14:38:03","14:38:54"
"999","490","212","14:38:03","14:38:54"
"744","305","242","14:38:03","14:38:54"
"574","303","303","14:38:03","14:38:54"
"348","447","275","14:38:03","14:38:54"
"317","503","199","14:38:03","14:38:54"
"318","546","152","14:38:03","14:38:54"
"357","634","101","14:38:03","14:38:54"
"375","679","46","14:38:03","14:38:54"
"389","791","14","14:38:03","14:38:54"
"405","838","53","14:38:03","14:38:54"
"437","853","71","14:38:03","14:38:54"
"480","808","16","14:38:03","14:38:54"
"477","785","3","14:38:03","14:38:54"
"505","796","57","14:38:03","14:38:54"
"550","846","100","14:38:03","14:38:54"
"656","1082","135","14:38:03","14:38:54"
"723","1197","87","14:38:03","14:38:54"
"898","972","-107","14:38:03","14:38:54"
"944","688","-162","14:38:03","14:38:54"
"931","506","-148","14:38:03","14:38:54"
"894","564","-81","14:38:03","14:38:54"
"944","574","-114","14:38:03","14:38:54"
"992","465","-164","14:38:03","14:38:54"
"911","480","-119","14:38:03","14:38:54"
"800","525","-69","14:38:03","14:38:54"
"719","537","-87","14:38:03","14:38:54"
"758","526","-109","14:38:03","14:38:54"
"817","532","-64","14:38:03","14:38:54"
"847","520","-44","14:38:03","14:38:54"
"914","517","-41","14:38:03","14:38:54"
"1005","671","0","14:38:03","14:38:54"
"935","757","23","14:38:03","14:38:54"
"790","641","-9","14:38:03","14:38:54"
"828","514","-22","14:38:03","14:38:54"
"905","449","2","14:38:03","14:38:54"
"1027","483","121","14:38:03","14:38:54"
"1193","473","175","14:38:03","14:38:54"
"1286","458","148","14:38:03","14:38:54"
"1308","383","-28","14:38:03","14:38:54"
"1224","354","-74","14:38:03","14:38:54"
"1124","392","-4","14:38:03","14:38:54"
"1006","455","218","14:38:03","14:38:54"
"957","343","210","14:38:03","14:38:54"
"747","239","262","14:38:03","14:38:54"
"631","356","364","14:38:03","14:38:54"
"544","459","382","14:38:03","14:38:54"
"428","442","150","14:38:03","14:38:54"
"381","447","84","14:38:03","14:38:54"
"347","568","121","14:38:03","14:38:54"
"380","612","135","14:38:03","14:38:54"
"442","657","135","14:38:03","14:38:54"
"578","822","101","14:38:03","14:38:54"
"610","912","41","14:38:03","14:38:54"
"572","1016","-62","14:38:03","14:38:54"
"514","1010","-32","14:38:03","14:38:54"
"459","964","44","14:38:03","14:38:54"
"417","864","173","14:38:03","14:38:54"
"431","869","181","14:38:03","14:38:54"
"582","984","168","14:38:03","14:38:54"
"752","999","175","14:38:03","14:38:54"
"1053","766","66","14:38:03","14:38:54"
"1048","622","-51","14:38:03","14:38:54"
"840","564","-129","14:38:03","14:38:54"
"782","596","-97","14:38:03","14:38:54"
"822","635","-105","14:38:03","14:38:54"
"831","639","-105","14:38:03","14:38:54"
"789","639","-62","14:38:03","14:38:54"
"651","702","39","14:38:03","14:38:54"
"627","772","43","14:38:03","14:38:54"
"620","853","55","14:38:03","14:38:54"
"601","832","86","14:38:03","14:38:54"
"623","796","93","14:38:03","14:38:54"
"877","745","-43","14:38:03","14:38:54"
"970","677","-89","14:38:03","14:38:54"
"949","560","-36","14:38:03","14:38:54"
"795","429","173","14:38:03","14:38:54"
"809","454","171","14:38:03","14:38:54"
"878","444","112","14:38:03","14:38:54"
"1004","296","117","14:38:03","14:38:54"
"1043","301","200","14:38:03","14:38:54"
"1093","454","324","14:38:03","14:38:54"
"1101","474","304","14:38:03","14:38:54"
"1109","432","224","14:38:03","14:38:54"
"1146","333","82","14:38:03","14:38:54"
"1105","404","155","14:38:03","14:38:54"
"1013","456","178","14:38:03","14:38:54"
"761","470","116","14:38:03","14:38:54"
"639","471","96","14:38:03","14:38:54"
"528","509","108","14:38:03","14:38:54"
"370","649","162","14:38:03","14:38:54"
"364","679","158","14:38:03","14:38:54"
"473","596","86","14:38:03","14:38:54"
"524","538","40","14:38:03","14:38:54"
"546","518","-21","14:38:03","14:38:54"
"556","623","-164","14:38:03","14:38:54"
"581","706","-169","14:38:03","14:38:54"
"668","817","-86","14:38:03","14:38:54"
"696","851","-103","14:38:03","14:38:54"
"696","899","-158","14:38:03","14:38:54"
"631","1074","-157","14:38:03","14:38:54"
"644","1142","-70","14:38:03","14:38:54"
"915","989","130","14:38:03","14:38:54"
"1063","820","169","14:38:03","14:38:54"
"1111","695","122","14:38:03","14:38:54"
"919","611","-103","14:38:03","14:38:54"
"811","587","-144","14:38:03","14:38:54"
"822","578","-82","14:38:03","14:38:54"
"891","597","-73","14:38:03","14:38:54"
"854","553","-53","14:38:03","14:38:54"
"757","499","-22","14:38:03","14:38:54"
"696","552","10","14:38:03","14:38:54"
"742","674","-4","14:38:03","14:38:54"
"758","795","-34","14:38:03","14:38:54"
"600","799","-24","14:38:03","14:38:54"
"561","674","36","14:38:03","14:38:54"
"849","536","60","14:38:03","14:38:54"
"997","570","23","14:38:03","14:38:54"
"1011","569","22","14:38:03","14:38:54"
"884","423","135","14:38:03","14:38:54"
"908","420","181","14:38:03","14:38:54"
"1009","475","209","14:38:03","14:38:54"
"1041","417","209","14:38:03","14:38:54"
"1090","354","211","14:38:03","14:38:54"
"1178","437","277","14:38:03","14:38:54"
"1161","515","317","14:38:03","14:38:54"
"1090","520","266","14:38:03","14:38:54"
"1071","492","205","14:38:03","14:38:54"
"1040","482","191","14:38:03","14:38:54"
"886","462","331","14:38:03","14:38:54"
"767","436","375","14:38:03","14:38:54"
"460","417","233","14:38:03","14:38:54"
"310","433","130","14:38:03","14:38:54"
"208","495","83","14:38:03","14:38:54"
"275","556","124","14:38:03","14:38:54"
"471","704","159","14:38:03","14:38:54"
"518","748","123","14:38:03","14:38:54"
"517","763","72","14:38:03","14:38:54"
"520","754","0","14:38:03","14:38:54"
"587","762","-14","14:38:03","14:38:54"
"760","858","-1","14:38:03","14:38:54"
"797","956","53","14:38:03","14:38:54"
"794","1161","195","14:38:03","14:38:54"
"814","1157","212","14:38:03","14:38:54"
"862","1032","174","14:38:03","14:38:54"
"928","632","17","14:38:03","14:38:54"
"908","523","-46","14:38:03","14:38:54"
"903","549","-75","14:38:03","14:38:54"
"926","577","-68","14:38:03","14:38:54"
"919","566","-74","14:38:03","14:38:54"
"818","509","-94","14:38:03","14:38:54"
"789","499","-77","14:38:03","14:38:54"
"821","463","-16","14:38:03","14:38:54"
"856","449","-7","14:38:03","14:38:54"
"892","478","-40","14:38:03","14:38:54"
"933","603","-161","14:38:03","14:38:54"
"901","568","-32","14:38:03","14:38:54"
"909","536","74","14:38:03","14:38:54"
"1005","527","107","14:38:03","14:38:54"
"1042","489","104","14:38:03","14:38:54"
"1083","401","205","14:38:03","14:38:54"
"1113","406","233","14:38:03","14:38:54"
"1139","428","157","14:38:03","14:38:54"
"1128","403","122","14:38:03","14:38:54"
"1124","375","175","14:38:03","14:38:54"
"1119","389","199","14:38:03","14:38:54"
"976","394","129","14:38:03","14:38:54"
"666","432","197","14:38:03","14:38:54"
"521","436","287","14:38:03","14:38:54"
"378","385","314","14:38:03","14:38:54"
"375","414","284","14:38:03","14:38:54"
"438","566","250","14:38:03","14:38:54"
"487","623","206","14:38:03","14:38:54"
"592","739","70","14:38:03","14:38:54"
"635","810","8","14:38:03","14:38:54"
"678","880","-109","14:38:03","14:38:54"
"652","866","-137","14:38:03","14:38:54"
"512","799","-101","14:38:03","14:38:54"
"401","747","-52","14:38:03","14:38:54"
"415","781","-42","14:38:03","14:38:54"
"649","1055","18","14:38:03","14:38:54"
"884","1127","132","14:38:03","14:38:54"
"859","987","106","14:38:03","14:38:54"
"655","808","-61","14:38:03","14:38:54"
"623","811","-94","14:38:03","14:38:54"
"750","721","-102","14:38:03","14:38:54"
"792","663","-109","14:38:03","14:38:54"
"766","670","-73","14:38:03","14:38:54"
"782","668","-38","14:38:03","14:38:54"
"832","573","20","14:38:03","14:38:54"
"792","534","6","14:38:03","14:38:54"
"713","589","-80","14:38:03","14:38:54"
"786","734","28","14:38:03","14:38:54"
"839","736","100","14:38:03","14:38:54"
"925","611","88","14:38:03","14:38:54"
"932","588","87","14:38:03","14:38:54"
"916","571","196","14:38:03","14:38:54"
"946","488","215","14:38:03","14:38:54"
"1051","312","81","14:38:03","14:38:54"
"1097","328","48","14:38:03","14:38:54"
"1104","354","126","14:38:03","14:38:54"
"1106","335","196","14:38:03","14:38:54"
"1100","309","163","14:38:03","14:38:54"
"1035","318","213","14:38:03","14:38:54"
"961","350","293","14:38:03","14:38:54"
"772","387","328","14:38:03","14:38:54"
"606","420","260","14:38:03","14:38:54"
"550","468","220","14:38:03","14:38:54"
"477","587","94","14:38:03","14:38:54"
"454","644","54","14:38:03","14:38:54"
"513","760","33","14:38:03","14:38:54"
"594","790","16","14:38:03","14:38:54"
"711","750","1","14:38:03","14:38:54"
"712","712","-4","14:38:03","14:38:54"
"669","652","-67","14:38:03","14:38:54"
"658","622","-95","14:38:03","14:38:54"
"687","610","-141","14:38:03","14:38:54"
"757","779","-159","14:38:03","14:38:54"
"770","883","-108","14:38:03","14:38:54"
"778","951","52","14:38:03","14:38:54"
"923","820","28","14:38:03","14:38:54"
"999","723","-58","14:38:03","14:38:54"
"993","611","-70","14:38:03","14:38:54"
"946","607","0","14:38:03","14:38:54"
"894","550","-32","14:38:03","14:38:54"
"877","498","-109","14:38:03","14:38:54"
"804","520","-125","14:38:03","14:38:54"
"759","581","-91","14:38:03","14:38:54"
"716","618","-117","14:38:03","14:38:54"
"718","606","-166","14:38:03","14:38:54"
"770","645","-206","14:38:03","14:38:54"
"878","601","-189","14:38:03","14:38:54"
"914","536","-170","14:38:03","14:38:54"
"977","512","-74","14:38:03","14:38:54"
"1022","512","-28","14:38:03","14:38:54"
"1057","370","7","14:38:03","14:38:54"
"1039","304","24","14:38:03","14:38:54"
"1045","336","64","14:38:03","14:38:54"
"1089","369","76","14:38:03","14:38:54"
"1204","341","96","14:38:03","14:38:54"
"1225","314","124","14:38:03","14:38:54"
"1176","311","209","14:38:03","14:38:54"
"1102","330","196","14:38:03","14:38:54"
"1020","336","171","14:38:03","14:38:54"
"796","346","230","14:38:03","14:38:54"
"703","371","265","14:38:03","14:38:54"
"674","411","205","14:38:03","14:38:54"
"567","528","95","14:38:03","14:38:54"
"530","554","80","14:38:03","14:38:54"
"508","545","-16","14:38:03","14:38:54"
"501","583","-101","14:38:03","14:38:54"
"520","750","-168","14:38:03","14:38:54"
"600","795","-128","14:38:03","14:38:54"
"630","769","-129","14:38:03","14:38:54"
"646","729","-102","14:38:03","14:38:54"
"652","732","-53","14:38:03","14:38:54"
"696","805","8","14:38:03","14:38:54"
"722","851","-1","14:38:03","14:38:54"
"751","876","-21","14:38:03","14:38:54"
"770","862","-19","14:38:03","14:38:54"
"873","794","-99","14:38:03","14:38:54"
"949","728","-174","14:38:03","14:38:54"
"996","600","-217","14:38:03","14:38:54"
"853","504","-225","14:38:03","14:38:54"
"801","464","-263","14:38:03","14:38:54"
"838","474","-191","14:38:03","14:38:54"
"910","519","-19","14:38:03","14:38:54"
"889","532","-8","14:38:03","14:38:54"
"753","582","-83","14:38:03","14:38:54"
"708","595","-120","14:38:03","14:38:54"
"749","589","-151","14:38:03","14:38:54"
"798","585","-152","14:38:03","14:38:54"
"889","579","-142","14:38:03","14:38:54"
"929","591","-119","14:38:03","14:38:54"
"999","561","-13","14:38:03","14:38:54"
"1024","492","56","14:38:03","14:38:54"
"1016","408","154","14:38:03","14:38:54"
"985","407","161","14:38:03","14:38:54"
"949","368","123","14:38:03","14:38:54"
"992","304","116","14:38:03","14:38:54"
"1049","277","130","14:38:03","14:38:54"
"1166","312","156","14:38:03","14:38:54"
"1184","393","166","14:38:03","14:38:54"
"1132","529","228","14:38:03","14:38:54"
"1105","515","267","14:38:03","14:38:54"
"1042","353","273","14:38:03","14:38:54"
"819","284","246","14:38:03","14:38:54"
"698","326","250","14:38:03","14:38:54"
"562","388","200","14:38:03","14:38:54"
"527","400","151","14:38:03","14:38:54"
"553","493","89","14:38:03","14:38:54"
"635","587","12","14:38:03","14:38:54"
"639","610","-28","14:38:03","14:38:54"
"667","630","-79","14:38:03","14:38:54"
"714","651","-96","14:38:03","14:38:54"
"753","751","-66","14:38:03","14:38:54"
"730","784","-42","14:38:03","14:38:54"
"708","772","-109","14:38:03","14:38:54"
"729","779","-154","14:38:03","14:38:54"
"771","828","-78","14:38:03","14:38:54"
"791","841","14","14:38:03","14:38:54"
"933","804","113","14:38:03","14:38:54"
"1048","716","71","14:38:03","14:38:54"
"1131","445","-153","14:38:03","14:38:54"
"905","466","-230","14:38:03","14:38:54"
"824","553","-193","14:38:03","14:38:54"
"937","510","-192","14:38:03","14:38:54"
"1004","456","-127","14:38:03","14:38:54"
"933","471","-39","14:38:03","14:38:54"
"781","380","-18","14:38:03","14:38:54"
"729","341","-100","14:38:03","14:38:54"
"673","453","-254","14:38:03","14:38:54"
"702","531","-292","14:38:03","14:38:54"
"836","590","-284","14:38:03","14:38:54"
"876","591","-233","14:38:03","14:38:54"
"897","506","-112","14:38:03","14:38:54"
"962","406","-44","14:38:03","14:38:54"
"988","403","-8","14:38:03","14:38:54"
"972","408","76","14:38:03","14:38:54"
"962","410","92","14:38:03","14:38:54"
"1011","433","47","14:38:03","14:38:54"
"1055","428","40","14:38:03","14:38:54"
"1113","396","100","14:38:03","14:38:54"
"1133","387","96","14:38:03","14:38:54"
"1159","327","-15","14:38:03","14:38:54"
"1143","287","-35","14:38:03","14:38:54"
"1071","299","56","14:38:03","14:38:54"
"1028","325","115","14:38:03","14:38:54"
"867","315","229","14:38:03","14:38:54"
"666","337","301","14:38:03","14:38:54"
"612","387","270","14:38:03","14:38:54"
"574","488","144","14:38:03","14:38:54"
"555","533","107","14:38:03","14:38:54"
"507","631","89","14:38:03","14:38:54"
"523","694","28","14:38:03","14:38:54"
"573","727","-34","14:38:03","14:38:54"
"686","791","-111","14:38:03","14:38:54"
"723","786","-87","14:38:03","14:38:54"
"759","722","14","14:38:03","14:38:54"
"766","702","43","14:38:03","14:38:54"
"791","691","46","14:38:03","14:38:54"
"817","682","45","14:38:03","14:38:54"
"859","677","53","14:38:03","14:38:54"
"856","684","57","14:38:03","14:38:54"
"814","696","58","14:38:03","14:38:54"
"770","665","53","14:38:03","14:38:54"
"736","614","50","14:38:03","14:38:54"
"676","470","48","14:38:03","14:38:54"
"700","430","49","14:38:03","14:38:54"
"840","481","47","14:38:03","14:38:54"
"892","611","0","14:38:03","14:38:54"
"882","645","-44","14:38:03","14:38:54"
"879","589","-77","14:38:03","14:38:54"
"881","543","-30","14:38:03","14:38:54"
"879","512","110","14:38:03","14:38:54"
"895","517","135","14:38:03","14:38:54"
"946","540","59","14:38:03","14:38:54"
"922","537","5","14:38:03","14:38:54"
"788","499","-13","14:38:03","14:38:54"
"764","514","10","14:38:03","14:38:54"
"830","580","19","14:38:03","14:38:54"
"827","538","40","14:38:03","14:38:54"
"800","528","85","14:38:03","14:38:54"
"768","573","117","14:38:03","14:38:54"
"765","586","107","14:38:03","14:38:54"
"781","554","186","14:38:03","14:38:54"
"793","519","224","14:38:03","14:38:54"
"808","522","116","14:38:03","14:38:54"
"809","578","59","14:38:03","14:38:54"
"782","619","93","14:38:03","14:38:54"
"769","569","103","14:38:03","14:38:54"
"805","509","84","14:38:03","14:38:54"
"859","563","138","14:38:03","14:38:54"
"862","564","152","14:38:03","14:38:54"
"846","514","128","14:38:03","14:38:54"
"846","498","102","14:38:03","14:38:54"
"854","506","96","14:38:03","14:38:54"
"856","504","97","14:38:03","14:38:54"
"845","498","104","14:38:03","14:38:54"
"829","512","134","14:38:03","14:38:54"
"831","523","145","14:38:03","14:38:54"
"848","515","137","14:38:03","14:38:54"
"856","500","124","14:38:03","14:38:54"
"847","476","104","14:38:03","14:38:54"
"833","476","97","14:38:03","14:38:54"
"831","533","81","14:38:03","14:38:54"
"829","585","91","14:38:03","14:38:54"
"777","597","140","14:38:03","14:38:54"
"763","537","138","14:38:03","14:38:54"
"778","484","115","14:38:03","14:38:54"
"826","520","87","14:38:03","14:38:54"
"826","552","83","14:38:03","14:38:54"
"824","540","69","14:38:03","14:38:54"
"861","454","39","14:38:03","14:38:54"
"882","443","41","14:38:03","14:38:54"
"895","453","49","14:38:03","14:38:54"
"904","462","54","14:38:03","14:38:54"
"925","432","56","14:38:03","14:38:54"
"929","409","49","14:38:03","14:38:54"
"927","396","31","14:38:03","14:38:54"
"921","399","3","14:38:03","14:38:54"
"893","418","-31","14:38:03","14:38:54"
"881","422","-33","14:38:03","14:38:54"
"882","426","-35","14:38:03","14:38:54"
"896","433","-38","14:38:03","14:38:54"
"904","443","-15","14:38:03","14:38:54"
"881","442","9","14:38:03","14:38:54"
"859","443","21","14:38:03","14:38:54"
"892","438","-14","14:38:03","14:38:54"
"928","424","-31","14:38:03","14:38:54"
"941","414","-25","14:38:03","14:38:54"
"924","418","-4","14:38:03","14:38:54"
"879","451","17","14:38:03","14:38:54"
"874","451","10","14:38:03","14:38:54"
"874","441","0","14:38:03","14:38:54"
"874","437","-9","14:38:03","14:38:54"
"887","452","-31","14:38:03","14:38:54"
"895","453","-30","14:38:03","14:38:54"
"897","446","-15","14:38:03","14:38:54"
"889","442","16","14:38:03","14:38:54"
"887","448","18","14:38:03","14:38:54"
"885","454","16","14:38:03","14:38:54"
"882","458","13","14:38:03","14:38:54"
"879","459","2","14:38:03","14:38:54"
"880","459","-3","14:38:03","14:38:54"
"879","461","-5","14:38:03","14:38:54"
"876","464","-5","14:38:03","14:38:54"
"870","469","-3","14:38:03","14:38:54"
"870","470","0","14:38:03","14:38:54"
"870","471","9","14:38:03","14:38:54"
"870","470","20","14:38:03","14:38:54"
"872","468","21","14:38:03","14:38:54"
"876","468","20","14:38:03","14:38:54"
"878","469","18","14:38:03","14:38:54"
"873","469","13","14:38:03","14:38:54"
"869","466","10","14:38:03","14:38:54"
"867","464","9","14:38:03","14:38:54"
"868","466","13","14:38:03","14:38:54"
"880","469","29","14:38:03","14:38:54"
"885","463","33","14:38:03","14:38:54"
"886","458","34","14:38:03","14:38:54"
"876","465","35","14:38:03","14:38:54"
"871","470","36","14:38:03","14:38:54"
"871","470","35","14:38:03","14:38:54"
"875","466","32","14:38:03","14:38:54"
"883","458","37","14:38:03","14:38:54"
"881","457","42","14:38:03","14:38:54"
"876","458","44","14:38:03","14:38:54"
"873","461","41","14:38:03","14:38:54"
"876","464","32","14:38:03","14:38:54"
"876","463","33","14:38:03","14:38:54"
"874","463","40","14:38:03","14:38:54"
"870","467","51","14:38:03","14:38:54"
"873","466","49","14:38:03","14:38:54"
"878","460","44","14:38:03","14:38:54"
"881","453","39","14:38:03","14:38:54"
"885","449","38","14:38:03","14:38:54"
"889","449","42","14:38:03","14:38:54"
"891","450","45","14:38:03","14:38:54"
"890","453","44","14:38:03","14:38:54"
"884","457","38","14:38:03","14:38:54"
"886","454","40","14:38:03","14:38:54"
"889","448","45","14:38:03","14:38:54"
"881","437","48","14:38:03","14:38:54"
"870","441","44","14:38:03","14:38:54"
"860","453","42","14:38:03","14:38:54"
"857","470","47","14:38:03","14:38:54"
"882","474","67","14:38:03","14:38:54"
"894","450","66","14:38:03","14:38:54"
"890","425","57","14:38:03","14:38:54"
"874","420","50","14:38:03","14:38:54"
"863","460","47","14:38:03","14:38:54"
"873","467","44","14:38:03","14:38:54"
"879","459","38","14:38:03","14:38:54"
"890","470","45","14:38:03","14:38:54"
"907","490","55","14:38:03","14:38:54"
"920","487","53","14:38:03","14:38:54"
"915","455","34","14:38:03","14:38:54"
"851","443","8","14:38:03","14:38:54"
"821","502","27","14:38:03","14:38:54"
"811","547","51","14:38:03","14:38:54"
"822","529","57","14:38:03","14:38:54"
"867","424","25","14:38:03","14:38:54"
"876","435","26","14:38:03","14:38:54"
"874","474","45","14:38:03","14:38:54"
"876","465","83","14:38:03","14:38:54"
"893","433","79","14:38:03","14:38:54"
"911","428","65","14:38:03","14:38:54"
"922","446","53","14:38:03","14:38:54"
"913","440","50","14:38:03","14:38:54"
"901","415","46","14:38:03","14:38:54"
"888","412","37","14:38:03","14:38:54"
"880","434","30","14:38:03","14:38:54"
"890","447","36","14:38:03","14:38:54"
"903","416","42","14:38:03","14:38:54"
"913","394","49","14:38:03","14:38:54"
"919","405","61","14:38:03","14:38:54"
"931","449","85","14:38:03","14:38:54"
"931","437","82","14:38:03","14:38:54"
"922","409","67","14:38:03","14:38:54"
"904","393","49","14:38:03","14:38:54"
"878","430","42","14:38:03","14:38:54"
"879","447","47","14:38:03","14:38:54"
"888","438","45","14:38:03","14:38:54"
"903","393","25","14:38:03","14:38:54"
"897","394","26","14:38:03","14:38:54"
"887","411","35","14:38:03","14:38:54"
"884","429","43","14:38:03","14:38:54"
"902","440","51","14:38:03","14:38:54"
"904","427","57","14:38:03","14:38:54"
"899","407","62","14:38:03","14:38:54"
"893","394","62","14:38:03","14:38:54"
"878","409","55","14:38:03","14:38:54"
"860","419","59","14:38:03","14:38:54"
"845","428","70","14:38:03","14:38:54"
"850","443","82","14:38:03","14:38:54"
"898","455","83","14:38:03","14:38:54"
"907","427","73","14:38:03","14:38:54"
"905","398","65","14:38:03","14:38:54"
"903","395","60","14:38:03","14:38:54"
"910","447","62","14:38:03","14:38:54"
"905","455","67","14:38:03","14:38:54"
"890","451","69","14:38:03","14:38:54"
"870","468","59","14:38:03","14:38:54"
"879","477","49","14:38:03","14:38:54"
"890","466","45","14:38:03","14:38:54"
"885","445","47","14:38:03","14:38:54"
"844","451","62","14:38:03","14:38:54"
"847","478","68","14:38:03","14:38:54"
"874","489","70","14:38:03","14:38:54"
"906","473","71","14:38:03","14:38:54"
"921","422","81","14:38:03","14:38:54"
"911","420","81","14:38:03","14:38:54"
"899","429","71","14:38:03","14:38:54"
"888","438","53","14:38:03","14:38:54"
"866","458","26","14:38:03","14:38:54"
"864","464","25","14:38:03","14:38:54"
"866","464","29","14:38:03","14:38:54"
"867","461","38","14:38:03","14:38:54"
"866","466","64","14:38:03","14:38:54"
"869","468","71","14:38:03","14:38:54"
"871","465","70","14:38:03","14:38:54"
"871","462","65","14:38:03","14:38:54"
"882","465","54","14:38:03","14:38:54"
"894","462","50","14:38:03","14:38:54"
"900","451","48","14:38:03","14:38:54"
"875","437","50","14:38:03","14:38:54"
"859","441","49","14:38:03","14:38:54"
"854","451","47","14:38:03","14:38:54"
"863","461","45","14:38:03","14:38:54"
"889","457","39","14:38:03","14:38:54"
"893","442","41","14:38:03","14:38:54"
"894","426","53","14:38:03","14:38:54"
"896","416","70","14:38:03","14:38:54"
"913","427","70","14:38:03","14:38:54"
"917","439","56","14:38:03","14:38:54"
"910","442","53","14:38:03","14:38:54"
"900","436","63","14:38:03","14:38:54"
"905","425","74","14:38:03","14:38:54"
"913","423","67","14:38:03","14:38:54"
"911","416","64","14:38:03","14:38:54"
"890","413","64","14:38:03","14:38:54"
"883","427","61","14:38:03","14:38:54"
"876","438","58","14:38:03","14:38:54"
"868","437","60","14:38:03","14:38:54"
"867","422","60","14:38:03","14:38:54"
"880","421","50","14:38:03","14:38:54"
"893","421","40","14:38:03","14:38:54"
"899","419","38","14:38:03","14:38:54"
"899","420","54","14:38:03","14:38:54"
"903","424","59","14:38:03","14:38:54"
"911","428","59","14:38:03","14:38:54"
"914","429","59","14:38:03","14:38:54"
"902","433","60","14:38:03","14:38:54"
"897","437","59","14:38:03","14:38:54"
"900","437","56","14:38:03","14:38:54"
"908","428","53","14:38:03","14:38:54"
"906","420","49","14:38:03","14:38:54"
"892","433","49","14:38:03","14:38:54"
"878","444","49","14:38:03","14:38:54"
"874","445","46","14:38:03","14:38:54"
"891","429","44","14:38:03","14:38:54"
"897","422","45","14:38:03","14:38:54"
"893","417","46","14:38:03","14:38:54"
"865","424","47","14:38:03","14:38:54"
"859","438","51","14:38:03","14:38:54"
"869","446","53","14:38:03","14:38:54"
"889","439","51","14:38:03","14:38:54"
"914","408","46","14:38:03","14:38:54"
"911","404","48","14:38:03","14:38:54"
"905","407","47","14:38:03","14:38:54"
"901","413","41","14:38:03","14:38:54"
"900","413","35","14:38:03","14:38:54"
"895","405","36","14:38:03","14:38:54"
"885","400","36","14:38:03","14:38:54"
"879","408","32","14:38:03","14:38:54"
"914","437","44","14:38:03","14:38:54"
"940","428","55","14:38:03","14:38:54"
"948","404","59","14:38:03","14:38:54"
"935","391","56","14:38:03","14:38:54"
"885","441","59","14:38:03","14:38:54"
"869","462","61","14:38:03","14:38:54"
"863","456","52","14:38:03","14:38:54"
"864","439","39","14:38:03","14:38:54"
"880","447","36","14:38:03","14:38:54"
"889","467","44","14:38:03","14:38:54"
"897","483","41","14:38:03","14:38:54"
"905","462","-18","14:38:03","14:38:54"
"891","438","-43","14:38:03","14:38:54"
"870","436","-42","14:38:03","14:38:54"
"858","459","-21","14:38:03","14:38:54"
"889","478","2","14:38:03","14:38:54"
"909","460","-6","14:38:03","14:38:54"
"914","450","-18","14:38:03","14:38:54"
"904","459","-24","14:38:03","14:38:54"
"883","485","-21","14:38:03","14:38:54"
"880","479","-25","14:38:03","14:38:54"
"877","464","-35","14:38:03","14:38:54"
"868","449","-48","14:38:03","14:38:54"
"854","436","-58","14:38:03","14:38:54"
"859","431","-52","14:38:03","14:38:54"
"868","422","-44","14:38:03","14:38:54"
"878","413","-41","14:38:03","14:38:54"
"912","404","-62","14:38:03","14:38:54"
"940","398","-72","14:38:03","14:38:54"
"964","386","-69","14:38:03","14:38:54"
"961","360","-36","14:38:03","14:38:54"
"942","360","-26","14:38:03","14:38:54"
"926","366","-32","14:38:03","14:38:54"
"913","371","-46","14:38:03","14:38:54"
"889","377","-63","14:38:03","14:38:54"
"887","381","-60","14:38:03","14:38:54"
"901","383","-52","14:38:03","14:38:54"
"922","379","-42","14:38:03","14:38:54"
"939","368","-11","14:38:03","14:38:54"
"928","369","3","14:38:03","14:38:54"
"913","373","10","14:38:03","14:38:54"
"898","375","6","14:38:03","14:38:54"
"888","368","-19","14:38:03","14:38:54"
"898","364","-24","14:38:03","14:38:54"
"921","360","-20","14:38:03","14:38:54"
"951","350","-13","14:38:03","14:38:54"
"963","333","5","14:38:03","14:38:54"
"929","342","22","14:38:03","14:38:54"
"889","363","35","14:38:03","14:38:54"
"868","406","21","14:38:03","14:38:54"
"888","416","10","14:38:03","14:38:54"
"915","416","11","14:38:03","14:38:54"
"935","406","23","14:38:03","14:38:54"
"936","374","45","14:38:03","14:38:54"
"931","371","47","14:38:03","14:38:54"
"935","383","46","14:38:03","14:38:54"
"940","403","47","14:38:03","14:38:54"
"907","425","65","14:38:03","14:38:54"
"885","423","72","14:38:03","14:38:54"
"880","422","69","14:38:03","14:38:54"
"888","430","58","14:38:03","14:38:54"
"891","456","51","14:38:03","14:38:54"
"877","458","56","14:38:03","14:38:54"
"865","451","59","14:38:03","14:38:54"
"862","444","57","14:38:03","14:38:54"
"869","448","46","14:38:03","14:38:54"
"871","450","40","14:38:03","14:38:54"
"871","447","36","14:38:03","14:38:54"
"870","444","32","14:38:03","14:38:54"
"870","449","25","14:38:03","14:38:54"
"877","450","19","14:38:03","14:38:54"
"888","446","12","14:38:03","14:38:54"
"894","433","7","14:38:03","14:38:54"
"887","435","10","14:38:03","14:38:54"
"882","444","10","14:38:03","14:38:54"
"887","453","4","14:38:03","14:38:54"
"898","461","-15","14:38:03","14:38:54"
"883","458","-10","14:38:03","14:38:54"
"859","453","5","14:38:03","14:38:54"
"851","452","19","14:38:03","14:38:54"
"911","450","6","14:38:03","14:38:54"
"929","444","1","14:38:03","14:38:54"
"911","437","13","14:38:03","14:38:54"
"877","433","38","14:38:03","14:38:54"
"877","414","61","14:38:03","14:38:54"
"894","398","53","14:38:03","14:38:54"
"887","395","51","14:38:03","14:38:54"
"867","417","62","14:38:03","14:38:54"
"880","454","90","14:38:03","14:38:54"
"903","435","92","14:38:03","14:38:54"
"911","407","90","14:38:03","14:38:54"
"908","402","92","14:38:03","14:38:54"
"919","402","91","14:38:03","14:38:54"
"926","387","87","14:38:03","14:38:54"
"919","370","80","14:38:03","14:38:54"
"891","391","64","14:38:03","14:38:54"
"891","406","58","14:38:03","14:38:54"
"899","404","55","14:38:03","14:38:54"
"907","392","57","14:38:03","14:38:54"
"912","385","71","14:38:03","14:38:54"
"911","388","74","14:38:03","14:38:54"
"911","384","73","14:38:03","14:38:54"
"915","375","70","14:38:03","14:38:54"
"922","370","71","14:38:03","14:38:54"
"919","376","71","14:38:03","14:38:54"
"916","381","67","14:38:03","14:38:54"
"917","383","62","14:38:03","14:38:54"
"924","374","52","14:38:03","14:38:54"
"923","374","49","14:38:03","14:38:54"
"918","377","46","14:38:03","14:38:54"
"911","381","41","14:38:03","14:38:54"
"910","379","43","14:38:03","14:38:54"
"911","376","45","14:38:03","14:38:54"
"915","376","45","14:38:03","14:38:54"
"918","378","40","14:38:03","14:38:54"
"918","378","39","14:38:03","14:38:54"
"920","377","40","14:38:03","14:38:54"
"925","376","39","14:38:03","14:38:54"
"924","377","31","14:38:03","14:38:54"
"916","379","26","14:38:03","14:38:54"
"908","381","23","14:38:03","14:38:54"
"903","381","24","14:38:03","14:38:54"
"910","379","28","14:38:03","14:38:54"
"913","380","29","14:38:03","14:38:54"
"912","383","32","14:38:03","14:38:54"
"906","385","36","14:38:03","14:38:54"
"900","394","41","14:38:03","14:38:54"
"908","393","36","14:38:03","14:38:54"
"919","385","28","14:38:03","14:38:54"
"930","372","22","14:38:03","14:38:54"
"939","364","23","14:38:03","14:38:54"
"941","368","29","14:38:03","14:38:54"
"947","370","42","14:38:03","14:38:54"
"974","372","95","14:38:03","14:38:54"
"973","367","99","14:38:03","14:38:54"
"950","355","60","14:38:03","14:38:54"
"918","344","-1","14:38:03","14:38:54"
"904","376","-35","14:38:03","14:38:54"
"919","397","0","14:38:03","14:38:54"
"925","392","21","14:38:03","14:38:54"
"919","372","16","14:38:03","14:38:54"
"909","372","13","14:38:03","14:38:54"
"912","390","41","14:38:03","14:38:54"
"914","395","65","14:38:03","14:38:54"
"912","385","66","14:38:03","14:38:54"
"917","387","47","14:38:03","14:38:54"
"929","405","65","14:38:03","14:38:54"
"930","412","90","14:38:03","14:38:54"
"908","404","99","14:38:03","14:38:54"
"871","406","64","14:38:03","14:38:54"
"897","431","53","14:38:03","14:38:54"
"933","449","60","14:38:03","14:38:54"
"905","427","91","14:38:03","14:38:54"
"861","411","88","14:38:03","14:38:54"
"847","411","68","14:38:03","14:38:54"
"872","423","49","14:38:03","14:38:54"
"906","447","68","14:38:03","14:38:54"
"873","452","89","14:38:03","14:38:54"
"840","454","96","14:38:03","14:38:54"
"841","454","93","14:38:03","14:38:54"
"896","447","108","14:38:03","14:38:54"
"890","443","131","14:38:03","14:38:54"
"865","441","148","14:38:03","14:38:54"
"851","441","153","14:38:03","14:38:54"
"877","450","153","14:38:03","14:38:54"
"882","457","165","14:38:03","14:38:54"
"869","461","182","14:38:03","14:38:54"
"851","460","197","14:38:03","14:38:54"
"851","455","191","14:38:03","14:38:54"
"869","455","177","14:38:03","14:38:54"
"890","449","167","14:38:03","14:38:54"
"919","410","168","14:38:03","14:38:54"
"920","401","179","14:38:03","14:38:54"
"908","413","192","14:38:03","14:38:54"
"890","437","200","14:38:03","14:38:54"
"874","446","194","14:38:03","14:38:54"
"880","435","186","14:38:03","14:38:54"
"882","432","177","14:38:03","14:38:54"
"877","437","168","14:38:03","14:38:54"
"871","438","140","14:38:03","14:38:54"
"877","435","129","14:38:03","14:38:54"
"881","440","128","14:38:03","14:38:54"
"879","448","137","14:38:03","14:38:54"
"875","443","161","14:38:03","14:38:54"
"886","434","172","14:38:03","14:38:54"
"899","430","184","14:38:03","14:38:54"
"904","434","197","14:38:03","14:38:54"
"885","451","195","14:38:03","14:38:54"
"876","450","171","14:38:03","14:38:54"
"873","440","142","14:38:03","14:38:54"
"875","431","121","14:38:03","14:38:54"
"878","433","101","14:38:03","14:38:54"
"879","437","92","14:38:03","14:38:54"
"882","434","85","14:38:03","14:38:54"
"900","418","72","14:38:03","14:38:54"
"904","417","66","14:38:03","14:38:54"
"901","427","62","14:38:03","14:38:54"
"890","445","62","14:38:03","14:38:54"
"872","472","72","14:38:03","14:38:54"
"870","468","74","14:38:03","14:38:54"
"872","453","70","14:38:03","14:38:54"
"876","439","61","14:38:03","14:38:54"
"879","429","31","14:38:03","14:38:54"
"875","431","17","14:38:03","14:38:54"
"871","432","7","14:38:03","14:38:54"
"873","432","1","14:38:03","14:38:54"
"888","441","-9","14:38:03","14:38:54"
"890","444","-10","14:38:03","14:38:54"
"886","441","-7","14:38:03","14:38:54"
"882","433","-5","14:38:03","14:38:54"
"889","423","-1","14:38:03","14:38:54"
"895","425","10","14:38:03","14:38:54"
"898","429","26","14:38:03","14:38:54"
"896","431","48","14:38:03","14:38:54"
"897","432","49","14:38:03","14:38:54"
"897","432","49","14:38:03","14:38:54"
"894","431","49","14:38:03","14:38:54"
"891","423","49","14:38:03","14:38:54"
"895","422","47","14:38:03","14:38:54"
"898","426","45","14:38:03","14:38:54"
"898","430","43","14:38:03","14:38:54"
"893","425","34","14:38:03","14:38:54"
"896","421","28","14:38:03","14:38:54"
"899","421","24","14:38:03","14:38:54"
"897","424","24","14:38:03","14:38:54"
"890","426","30","14:38:03","14:38:54"
"891","425","33","14:38:03","14:38:54"
"894","424","35","14:38:03","14:38:54"
"895","426","37","14:38:03","14:38:54"
"895","429","44","14:38:03","14:38:54"
"894","428","49","14:38:03","14:38:54"
"893","428","52","14:38:03","14:38:54"
"891","435","50","14:38:03","14:38:54"
"894","436","49","14:38:03","14:38:54"
"897","433","49","14:38:03","14:38:54"
"898","428","49","14:38:03","14:38:54"
"893","428","47","14:38:03","14:38:54"
"895","430","48","14:38:03","14:38:54"
"902","428","47","14:38:03","14:38:54"
"909","423","45","14:38:03","14:38:54"
"901","426","43","14:38:03","14:38:54"
"889","435","46","14:38:03","14:38:54"
"883","439","48","14:38:03","14:38:54"
"884","436","49","14:38:03","14:38:54"
"887","423","58","14:38:03","14:38:54"
"880","420","74","14:38:03","14:38:54"
"863","419","85","14:38:03","14:38:54"
"847","422","76","14:38:03","14:38:54"
"869","437","36","14:38:03","14:38:54"
"890","440","47","14:38:03","14:38:54"
"888","443","69","14:38:03","14:38:54"
"868","451","76","14:38:03","14:38:54"
"872","455","44","14:38:03","14:38:54"
"892","446","42","14:38:03","14:38:54"
"897","440","53","14:38:03","14:38:54"
"879","451","60","14:38:03","14:38:54"
"887","453","57","14:38:03","14:38:54"
"902","448","57","14:38:03","14:38:54"
"907","445","59","14:38:03","14:38:54"
"862","465","58","14:38:03","14:38:54"
"837","480","56","14:38:03","14:38:54"
"831","486","54","14:38:03","14:38:54"
"850","479","49","14:38:03","14:38:54"
"911","449","36","14:38:03","14:38:54"
"921","439","32","14:38:03","14:38:54"
"911","432","32","14:38:03","14:38:54"
"899","427","35","14:38:03","14:38:54"
"909","436","45","14:38:03","14:38:54"
"908","451","50","14:38:03","14:38:54"
"888","463","54","14:38:03","14:38:54"
"862","469","58","14:38:03","14:38:54"
"856","473","67","14:38:03","14:38:54"
"874","467","68","14:38:03","14:38:54"
"888","451","61","14:38:03","14:38:54"
"892","428","38","14:38:03","14:38:54"
"892","435","32","14:38:03","14:38:54"
"898","440","27","14:38:03","14:38:54"
"909","436","19","14:38:03","14:38:54"
"914","419","10","14:38:03","14:38:54"
"896","426","16","14:38:03","14:38:54"
"871","444","27","14:38:03","14:38:54"
"855","463","40","14:38:03","14:38:54"
"864","457","44","14:38:03","14:38:54"
"878","437","29","14:38:03","14:38:54"
"891","423","10","14:38:03","14:38:54"
"902","422","1","14:38:03","14:38:54"
"902","430","27","14:38:03","14:38:54"
"892","421","45","14:38:03","14:38:54"
"885","410","49","14:38:03","14:38:54"
"889","411","38","14:38:03","14:38:54"
"917","442","20","14:38:03","14:38:54"
"915","446","29","14:38:03","14:38:54"
"898","440","42","14:38:03","14:38:54"
"875","435","41","14:38:03","14:38:54"
"883","437","30","14:38:03","14:38:54"
