x,y,z
281,867,-115
390,971,-329
452,1031,-407
539,1119,-416
653,1256,-312
878,1320,242
850,1128,464
660,968,437
387,1003,150
160,1246,-418
250,1094,-392
321,845,-266
292,709,-224
116,828,-414
80,855,-456
53,847,-446
-80,968,-477
-160,1039,-503
-236,1042,-483
-315,992,-420
-414,911,-330
-379,915,-329
-319,935,-325
-302,960,-314
-421,980,-315
-450,927,-224
-409,850,35
-133,883,914
3,942,1130
5,928,879
-170,888,225
-541,1034,-590
-462,1079,-283
-260,987,133
-54,817,210
-108,910,93
-181,1017,110
-231,1021,213
-263,787,222
-239,713,116
-183,709,5
-114,748,-97
-11,860,-293
29,918,-360
86,971,-380
234,1059,-301
288,1161,-247
320,1354,-169
368,1590,-19
578,1594,409
624,1252,481
552,924,372
416,841,128
296,1159,-399
315,1125,-519
300,946,-520
214,814,-486
-18,856,-568
-70,835,-626
-81,764,-644
-89,721,-650
-136,765,-734
-150,777,-770
-159,795,-765
-225,919,-651
-266,963,-534
-283,966,-340
-267,953,-81
-184,962,385
-138,945,601
-93,894,874
-81,865,1084
-152,937,982
-305,1104,495
-466,1174,-330
-326,970,-135
-129,788,218
4,853,323
-86,951,196
-208,985,152
-298,959,165
-318,887,133
-263,772,32
-166,643,-70
-72,569,-133
17,736,-164
30,883,-229
32,978,-286
23,1013,-297
31,1102,-251
103,1246,-257
223,1453,-245
359,1664,-150
479,1772,34
566,1651,211
596,1291,249
533,903,135
180,957,-56
59,1204,-42
43,1237,-86
71,1055,-230
58,862,-377
-7,796,-432
-79,811,-418
-126,806,-419
-237,747,-482
-344,787,-461
-462,852,-443
-555,892,-480
-616,900,-544
-661,897,-550
-705,887,-451
-661,795,-134
-530,739,-3
-388,720,175
-303,753,462
-295,827,792
-371,937,951
-423,953,697
-499,998,363
-585,1082,54
-627,1117,-168
-590,1014,-245
-495,807,-148
-329,721,209
-291,953,216
-270,1100,146
-252,927,184
-221,538,396
-183,321,602
-172,480,539
-208,756,176
-322,567,-443
-340,466,-409
-311,660,-281
-223,964,-178
-102,1117,-107
-7,1014,2
-60,1052,-14
-100,1212,-82
-80,1407,-125
-13,1534,-76
67,1545,51
218,1372,233
243,1277,215
189,1190,149
73,1114,61
-28,1048,-36
-50,988,-138
-6,930,-248
5,853,-501
-87,828,-609
-203,799,-667
-302,772,-668
-390,800,-577
-401,849,-526
-419,882,-489
-448,885,-459
-481,881,-416
-503,887,-350
-472,900,-157
-410,903,-34
-329,930,95
-253,983,239
-208,1037,418
-194,1047,626
-152,841,860
-129,753,774
-177,820,579
-318,1012,356
-483,1143,201
-562,1052,166
-510,813,218
-374,673,280
-115,892,287
-26,884,263
33,753,240
43,704,218
-6,814,185
-101,930,127
-243,771,-28
-203,716,-68
-91,802,-52
36,949,0
129,1060,40
176,1150,38
251,1523,23
336,1666,103
445,1576,227
523,1279,319
505,993,303
377,915,165
204,1016,-20
78,1104,-150
-1,909,-180
-74,822,-195
-185,831,-240
-274,872,-277
-304,878,-289
-302,866,-280
-326,886,-237
-513,1002,7
-597,1010,130
-624,980,175
-595,948,154
-538,922,135
-484,879,182
-450,812,307
-441,727,626
-440,728,735
-400,727,819
-289,733,905
-136,776,954
-55,848,858
-155,883,560
-635,652,-103
-661,518,-152
-489,516,-80
-281,642,-60
-170,788,-130
-148,864,-184
-129,886,-147
-75,927,-81
27,1083,-152
86,1123,-174
180,1142,-85
275,1154,50
317,1147,115
307,1133,75
289,1267,-4
307,1395,80
339,1452,220
385,1376,343
412,1200,388
369,1043,346
257,1006,263
116,1117,139
134,1067,63
128,972,-62
66,920,-221
-13,927,-365
-73,939,-463
-130,927,-518
-215,914,-536
-321,923,-512
-458,947,-343
-460,920,-264
-414,867,-220
-333,813,-190
-261,787,-142
-247,799,-70
-293,826,0
-343,829,50
-328,778,169
-318,821,301
-336,954,468
-358,1112,617
-352,1167,734
-296,1035,854
-184,796,976
-44,645,994
-90,865,286
-397,955,-259
-728,884,-629
-848,756,-713
-655,722,-586
-252,806,-380
406,944,-1
431,963,80
265,1031,0
28,1126,-223
-116,1167,-455
-59,1136,-545
172,1097,-450
599,1150,-33
617,1220,108
551,1344,168
484,1521,166
456,1636,138
440,1526,125
385,1189,144
264,858,158
-12,938,-18
-45,1064,-136
-27,972,-168
-54,767,-131
-183,684,-123
-365,789,-201
-510,927,-308
-584,940,-333
-621,745,-59
-582,732,71
-507,779,113
-449,826,111
-449,840,135
-493,833,200
-541,837,267
-580,860,299
-621,869,311
-655,739,477
-587,674,629
-476,679,745
-367,720,797
-285,726,809
-226,699,791
-208,729,684
-278,866,422
-696,1016,-319
-860,827,-513
-841,617,-486
-620,579,-302
-293,716,-83
-13,859,64
104,887,102
-69,834,-30
-163,860,-110
-173,876,-169
-110,884,-210
-12,932,-225
93,1022,-193
190,1102,-119
275,1153,-50
253,1207,-109
229,1307,-157
246,1401,-119
324,1420,12
438,1343,178
520,1222,306
493,1131,355
157,1104,218
39,1099,89
36,1073,-38
94,1048,-156
130,1051,-264
101,1078,-360
21,1085,-438
-72,1026,-492
-226,781,-510
-301,730,-487
-381,750,-463
-456,784,-438
-514,784,-394
-551,756,-320
-570,726,-235
-581,699,-163
-596,671,-111
-649,689,-20
-656,777,56
-640,860,201
-598,863,428
-531,790,690
-444,730,889
-365,745,940
-349,780,596
-400,722,359
-439,705,199
-445,777,123
-443,875,62
-460,900,-39
-479,830,-156
-445,741,-213
-206,785,-156
-115,880,-171
-83,935,-226
-72,930,-266
-36,909,-267
48,932,-243
177,1010,-213
329,1108,-170
509,1327,9
471,1537,165
397,1767,337
364,1820,458
389,1552,475
406,1097,391
340,797,262
199,845,140
14,1169,-8
35,1017,-33
53,803,-71
4,744,-177
-115,853,-356
-273,970,-536
-439,966,-624
-602,844,-585
-736,703,-453
-778,620,-161
-693,640,-65
-598,641,9
-535,617,91
-508,585,190
-505,562,281
-518,578,336
-544,661,358
-567,913,456
-511,978,558
-397,1021,673
-182,1044,800
-226,939,638
-377,820,278
-532,789,-126
-522,808,-333
-411,727,-179
-298,681,-64
-182,750,-38
32,971,-65
53,967,-104
10,930,-198
-27,938,-314
137,1077,-305
298,1085,-149
413,1037,2
440,1012,55
332,1210,-87
314,1304,-99
348,1302,0
397,1250,162
364,1226,350
281,1209,331
190,1159,264
65,1166,15
64,1225,-117
111,1230,-206
178,1152,-261
198,891,-429
120,775,-551
-1,697,-656
-148,685,-717
-380,764,-599
-457,756,-426
-549,728,-265
-658,740,-201
-712,840,-341
-632,794,-377
-562,677,-330
-551,586,-253
-626,738,-96
-622,895,144
-531,987,586
-41,856,1420
140,747,1280
49,747,720
-298,868,86
-814,983,-156
-660,821,143
-350,649,406
-96,617,509
-126,853,280
-280,868,83
-371,790,-54
-285,744,-88
-183,822,-69
-72,906,-54
37,991,-38
133,1225,-30
72,1329,-36
-20,1403,5
-72,1465,136
21,1357,486
39,1077,510
-46,776,381
-195,640,180
-304,878,-23
-207,1010,33
-87,1090,109
-6,1160,118
0,1245,-69
-53,1199,-139
-131,1124,-164
-256,989,-270
-259,908,-364
-247,833,-422
-258,804,-418
-382,836,-326
-460,801,-292
-527,735,-261
-561,679,-214
-409,619,17
-253,653,215
-174,795,392
-404,1185,458
-480,1210,449
-385,1116,487
-201,1016,502
-136,958,146
-257,908,-108
-336,829,-248
-314,785,-237
-111,869,-24
-22,888,27
35,859,13
52,842,-52
-51,974,-219
-112,1039,-241
-114,1049,-187
-54,1039,-78
46,1111,110
11,1173,116
-48,1201,75
-35,1133,15
51,1096,16
132,1114,18
168,1197,25
218,1339,133
309,1292,206
400,1189,219
418,1112,18
297,1180,-88
297,1225,-142
339,1181,-178
272,911,-343
150,790,-414
34,691,-428
-57,605,-419
-226,612,-513
-313,750,-564
-390,897,-538
-451,969,-435
-523,882,-181
-532,813,-55
-524,757,97
-501,784,410
-508,889,520
-512,972,642
-481,953,806
-355,722,874
-378,720,546
-479,833,94
-573,944,-216
-498,758,-80
-386,578,53
-281,518,57
-177,587,-18
-24,783,-172
-22,850,-261
-39,932,-357
67,1071,-374
190,1079,-266
299,1076,-143
359,1111,-67
360,1368,-115
372,1501,-160
419,1518,-135
482,1392,-22
515,1070,195
442,1050,173
319,1102,108
110,1163,93
87,1136,94
91,1077,43
86,990,-50
59,857,-307
49,856,-475
16,867,-631
-59,849,-725
-257,765,-728
-314,761,-696
-339,789,-657
-363,818,-609
-432,832,-500
-428,857,-423
-392,897,-326
-369,904,-246
-479,781,-187
-572,754,-115
-631,803,26
-583,1043,459
-463,1094,770
-298,990,1025
-160,778,980
-238,658,47
-387,772,-160
-471,799,18
-436,701,289
-157,630,280
-48,769,202
-21,932,202
-143,1131,101
-169,1153,18
-121,1111,40
-33,1031,147
15,996,184
-46,1046,84
-98,1049,15
-94,976,13
35,872,5
104,957,-83
179,1099,-184
280,1224,-217
499,1317,19
518,1318,150
440,1293,172
203,1179,-72
177,1127,-174
215,1065,-190
249,964,-160
145,764,-223
70,784,-312
39,865,-368
33,926,-374
-96,919,-379
-231,948,-400
-349,1019,-385
-418,1089,-315
-494,1107,-165
-553,1052,-148
-592,977,-136
-482,926,17
-401,946,160
-377,908,337
-398,778,544
-364,577,883
-288,659,884
-247,773,740
-307,789,508
-604,627,79
-630,660,-38
-510,754,-95
-161,766,-74
-79,761,-41
-48,861,-51
-32,1014,-111
-31,1070,-144
-30,1006,-36
17,997,106
114,1059,209
206,1187,183
139,1179,116
65,1127,68
43,1061,46
89,1038,49
77,1098,81
42,1167,123
35,1204,143
232,1157,89
343,1127,65
353,1133,53
140,1183,-37
76,1152,-135
65,1079,-241
49,1003,-336
-101,918,-481
-163,879,-530
-181,830,-555
-211,806,-575
-280,861,-591
-367,938,-598
-447,1008,-569
-559,979,-343
-570,861,-184
-521,748,-52
-421,720,28
-291,858,81
-335,865,83
-394,797,91
-397,728,134
-261,862,342
-254,1014,439
-328,1083,481
-429,1020,484
-365,817,546
-168,871,580
-18,1001,519
-57,1074,364
-521,795,120
-605,640,64
-500,648,-28
-122,871,-162
0,867,-89
59,832,-9
63,866,-15
-8,1027,-152
-14,1018,-138
18,996,-89
140,1183,-71
202,1288,-67
241,1282,-35
236,1193,-5
199,1141,22
258,1198,101
356,1234,222
420,1224,311
317,1128,249
226,1104,174
176,1115,111
178,1078,-44
157,974,-147
72,878,-256
-71,844,-370
-323,854,-520
-356,818,-498
-355,782,-434
-369,794,-384
-479,942,-374
-526,983,-336
-543,960,-252
-540,895,-153
-500,857,-15
-451,911,31
-373,950,66
-283,937,80
-193,911,115
-221,1009,200
-265,1155,350
-236,1189,721
-143,1007,740
-63,828,522
-73,755,150
-401,687,-259
-531,555,-225
-508,460,-234
-347,496,-352
57,772,-510
193,882,-467
267,983,-459
239,1180,-589
187,1238,-543
172,1258,-384
220,1246,-210
377,1209,-127
364,1209,-167
269,1187,-171
159,1130,-131
151,1130,-58
244,1214,-16
329,1247,88
357,1182,226
250,1104,182
181,1208,-28
134,1287,-195
100,1234,-237
0,929,-295
-70,886,-485
-128,919,-697
-185,941,-764
-208,910,-648
-228,861,-531
-232,772,-448
-224,534,-437
-265,527,-513
-340,628,-586
-434,767,-596
-668,887,-389
-757,886,-215
-746,897,-33
-409,922,234
-279,891,333
-297,863,447
-423,893,546
-567,1090,476
-492,1101,394
-342,1009,415
-178,902,517
-235,987,427
-513,1043,149
-753,940,-134
-778,718,-297
-287,502,-201
-52,571,-61
46,652,26
-161,775,-124
-313,832,-277
-356,855,-371
-270,848,-383
18,939,-321
158,1039,-274
318,1123,-190
456,1213,-83
415,1598,71
326,1773,154
329,1752,271
398,1506,362
305,974,192
177,981,13
148,1097,-103
282,1086,-178
228,993,-262
72,952,-413
-105,921,-579
-311,636,-608
-353,529,-442
-399,576,-294
-462,721,-258
-547,868,-368
-524,860,-358
-479,877,-293
-419,971,-78
-378,1010,81
-299,1046,276
-215,1066,465
-215,997,694
-245,970,733
-183,957,735
-4,891,716
296,650,608
177,695,444
-100,854,172
-380,964,-141
-491,789,-501
-326,708,-465
-92,729,-317
147,786,-121
377,827,47
304,896,-91
182,1048,-296
188,1312,-387
355,1236,-220
531,1033,0
611,852,193
368,1003,234
172,1211,65
57,1323,-91
83,1314,-107
467,1205,245
615,1153,398
585,1078,425
398,1007,334
176,997,39
282,1022,-86
372,1030,-199
321,1026,-309
43,943,-511
32,856,-598
76,800,-666
9,858,-684
-68,847,-641
-103,753,-608
-103,662,-613
-147,903,-676
-193,1132,-665
-231,1240,-588
-271,1201,-425
-400,1015,92
-426,934,291
-407,851,364
-406,800,355
-616,842,414
-701,866,494
-647,855,548
-442,798,581
20,686,660
0,770,584
-252,896,337
-597,903,-17
-815,462,-489
-570,330,-500
-219,400,-423
335,857,-234
440,1078,-218
436,1225,-287
373,1266,-392
399,1174,-393
563,1194,-219
732,1269,41
791,1326,320
578,1309,572
446,1282,477
328,1235,325
207,1162,207
116,1091,72
195,1103,-4
270,1076,-61
273,999,-75
171,918,-119
145,952,-213
105,965,-319
-107,847,-445
-201,787,-507
-234,755,-602
-227,735,-695
-293,713,-669
-372,736,-542
-435,780,-398
-462,832,-270
-430,991,-61
-378,1107,41
-301,1194,139
-226,1213,212
-255,1139,205
-349,1132,163
-384,1143,186
-271,1125,312
175,869,570
171,718,455
-69,665,138
-560,760,-531
-509,732,-578
-289,656,-420
-14,629,-199
326,873,-69
297,1036,-198
169,1129,-364
43,1138,-482
86,1098,-462
227,1108,-393
370,1119,-314
468,1123,-208
460,1200,-12
376,1271,-28
305,1314,-81
303,1294,-57
462,1111,283
465,1048,366
359,1069,270
213,1151,68
142,1231,-167
197,1184,-176
221,1125,-213
153,988,-432
127,876,-542
118,764,-619
102,697,-665
-26,707,-702
-114,721,-713
-192,715,-723
-251,702,-709
-304,784,-498
-270,910,-373
-212,1023,-354
-259,909,-568
-407,754,-582
-580,687,-474
-721,744,-306
-835,933,26
-808,912,149
-740,818,239
-655,725,339
-536,741,532
-547,822,375
-596,867,-12
-620,816,-432
-413,497,-669
-239,435,-601
-54,540,-562
156,761,-513
512,1143,-196
508,1213,-88
394,1218,-126
228,1127,-307
239,1083,-289
258,1078,-249
267,1106,-242
350,1163,-183
431,1203,-35
484,1278,152
475,1338,278
324,1087,153
253,856,80
215,788,118
219,966,165
307,1445,-151
307,1398,-335
249,1211,-375
179,1040,-349
188,851,-513
201,724,-639
140,600,-698
-97,574,-728
-183,639,-748
-263,709,-727
-378,776,-639
-601,888,-395
-600,944,-315
-545,1021,-275
-509,1091,-250
-552,1037,-146
-536,980,-128
-484,1003,-176
-435,1093,-189
-313,1085,452
-186,899,886
-96,706,930
-150,633,463
-517,778,-568
-539,765,-463
-385,671,-111
-160,610,127
118,789,-105
152,910,-314
166,967,-401
177,984,-165
183,1073,32
243,1236,181
371,1411,223
498,1571,15
331,1497,-37
66,1325,42
-161,1133,165
-216,1061,106
-113,1167,-7
-22,1231,-46
15,1192,-7
-77,993,43
-170,963,-5
-232,954,-79
-235,892,-164
-218,638,-400
-295,584,-517
-398,601,-572
-481,663,-519
-483,690,-503
-515,741,-510
-574,807,-506
-626,864,-388
-579,833,-317
-510,808,-265
-463,837,-225
-510,983,-64
-539,1017,80
-521,1067,227
-473,1150,335
-412,1081,353
-407,901,232
-416,790,33
-439,798,-163
-427,797,-257
-342,723,-177
-218,712,-83
-104,808,-13
-43,1073,-59
-77,1117,-158
-96,1100,-221
5,999,-109
101,967,-15
175,989,31
188,1088,36
70,1423,147
48,1479,282
83,1316,361
117,976,303
-1,650,-32
-52,865,-106
1,1097,-82
114,1151,-19
53,958,3
-131,948,-69
-273,971,-169
-322,952,-255
-392,857,-338
-482,864,-362
-557,883,-379
-609,797,-347
-617,738,-310
-603,733,-286
-547,784,-277
-396,911,-230
-354,953,-152
-323,1003,3
-268,1052,298
-59,948,1078
-5,812,1005
-67,762,383
-376,981,-839
-405,1013,-631
-281,919,-143
-66,803,148
266,807,-10
284,880,-74
219,943,-103
116,989,-170
-20,1016,-179
-13,981,-24
17,944,115
31,956,123
-2,1167,-112
23,1271,-138
99,1325,-71
231,1317,105
199,1259,180
102,1168,248
3,1077,289
61,995,239
205,1010,151
306,1065,30
199,1195,-112
129,1185,-69
155,1116,-55
246,1026,-168
275,891,-554
174,868,-622
46,872,-619
-95,879,-613
-377,805,-542
-431,748,-432
-394,718,-333
-257,760,-290
-282,814,-278
-382,886,-229
-510,963,-144
-619,981,167
-536,918,366
-397,886,492
-283,928,470
-261,1045,188
-238,1008,182
-148,945,315
-113,917,522
-280,888,455
-456,804,316
-518,709,146
-301,675,-180
-151,690,-235
-23,700,-191
72,749,-115
75,1043,-90
-7,1179,-104
-78,1239,-85
-31,1229,-9
57,1215,-2
119,1175,-7
125,1094,-6
123,1007,34
232,1120,57
390,1281,67
463,1271,76
316,1135,81
158,1090,56
82,1149,-15
138,1061,-171
133,852,-196
71,697,-219
-15,678,-275
-162,860,-430
-213,910,-456
-257,911,-433
-329,886,-343
-369,902,-318
-414,929,-303
-454,953,-286
-472,964,-230
-457,959,-179
-446,959,-86
-459,989,244
-436,1017,434
-345,1024,609
-67,867,812
-57,793,688
-185,833,360
-362,949,-40
-420,870,-340
-294,682,-225
-153,593,-102
58,782,3
110,883,-8
101,941,-88
39,968,-207
-9,948,-278
74,942,-202
193,979,-127
344,1143,-119
344,1216,-163
306,1282,-193
248,1353,-171
213,1405,58
295,1318,189
402,1188,252
340,1088,153
181,1142,68
90,1175,-14
199,997,-246
176,849,-387
34,733,-522
-121,677,-652
-179,724,-841
-151,769,-811
-155,782,-696
-178,769,-576
-168,762,-541
-153,774,-588
-175,787,-627
-241,820,-644
-359,975,-571
-337,1027,-470
-270,1030,-351
-178,989,-89
-207,986,59
-262,1005,176
-296,1117,175
-261,1170,122
-213,1182,115
-133,1131,197
167,831,634
234,684,783
99,660,636
-214,786,158
-671,1073,-780
-516,1002,-749
-147,825,-422
443,751,164
389,947,98
171,1148,-160
-17,1216,-410
115,972,-361
303,889,-197
412,932,-111
421,1050,-98
413,1222,4
462,1284,99
489,1346,163
452,1346,187
253,1095,166
162,1028,98
99,1063,0
72,1095,-82
95,843,-161
68,701,-242
-8,658,-377
-152,718,-609
-183,754,-632
-230,815,-607
-312,899,-557
-460,1028,-385
-451,1034,-261
-401,1001,-156
-364,950,-115
-408,932,-163
-417,984,-122
-377,1051,-6
-303,1106,138
-150,1117,373
-98,1089,493
-93,1063,620
-194,951,669
-207,858,518
-176,786,293
-160,760,62
-260,714,-184
-271,653,-168
-203,620,-131
-97,663,-142
27,859,-266
51,921,-287
80,964,-286
129,1007,-291
288,1071,-270
365,1091,-241
407,1131,-235
399,1263,-241
412,1318,-188
461,1370,-100
516,1397,24
467,1094,368
356,868,414
249,867,246
203,1136,-49
302,1481,-226
341,1230,-72
328,891,-5
220,635,-423
141,679,-694
59,723,-860
3,740,-913
-46,721,-836
-90,690,-778
-134,669,-745
-156,697,-759
-206,911,-846
-256,1002,-791
-293,1039,-631
-308,1043,-413
-324,1084,-21
-322,1135,139
-306,1179,296
-291,1206,449
-285,1202,678
-224,1089,717
-100,874,679
-1,630,290
-171,764,-22
-399,909,-297
-526,895,-435
-247,537,-312
-14,516,-256
132,673,-305
179,884,-407
204,1056,-447
281,1077,-371
407,1159,-295
553,1297,-251
729,1471,-205
741,1478,-97
756,1470,120
796,1395,385
720,809,528
522,570,321
315,653,72
267,1291,-101
348,1336,-57
339,1171,-49
211,983,-123
-15,844,-332
-20,808,-376
-46,769,-395
-150,764,-413
-299,865,-408
-203,910,-375
-73,946,-340
-35,987,-309
-294,1018,-229
-444,969,-175
-534,930,-99
-568,956,19
-536,1115,339
-493,1118,449
-416,1047,529
-129,813,717
-53,750,640
-142,777,318
-349,852,-84
-510,744,-104
-362,571,168
-199,492,245
-121,583,57
-121,949,-304
-79,1031,-240
0,1035,-119
163,1003,-34
221,1032,-62
251,1090,-112
244,1142,-177
168,1100,-228
148,1045,-184
157,1039,-138
204,1114,-119
448,1391,-33
599,1430,69
673,1312,148
610,1121,148
281,1181,-57
216,1364,-167
239,1336,-219
262,1046,-213
106,658,-266
-15,799,-408
-115,940,-568
-234,811,-669
-273,738,-628
-317,764,-593
-374,826,-573
-499,835,-478
-536,817,-387
-498,845,-150
-433,887,-20
-374,941,89
-358,1026,209
-396,1023,251
-435,1002,313
-452,976,399
-391,875,577
-319,805,627
-224,765,628
-132,842,344
-233,918,54
-397,947,-218
-531,823,-395
-401,798,-362
-164,858,-327
103,955,-291
326,1078,-229
218,1115,-252
100,1126,-287
96,1096,-276
370,1038,-75
453,1111,31
471,1275,110
574,1581,245
638,1467,289
605,1157,279
271,826,143
146,1012,81
111,1182,41
122,1138,14
36,769,-89
-62,778,-218
-158,934,-474
-165,887,-503
-203,821,-483
-285,823,-459
-445,957,-398
-475,972,-328
-490,952,-252
-510,941,-197
-548,995,-122
-563,1007,-41
-576,981,97
-559,929,275
-325,878,540
-152,892,614
-21,877,722
28,810,838
-121,757,487
-276,846,20
-416,895,-281
-435,655,15
-318,559,178
-193,604,111
-114,742,-84
-78,970,-309
-60,1021,-307
-32,1061,-296
-6,1100,-289
76,1146,-234
176,1146,-200
294,1139,-188
374,1136,-189
332,1194,-132
299,1249,-58
342,1276,34
447,1243,134
487,1112,280
340,1118,277
175,1191,194
86,1281,37
130,1210,-225
154,1051,-215
144,930,-177
81,963,-328
43,1003,-455
-5,982,-507
-59,920,-476
-120,850,-386
-138,851,-379
-184,854,-394
-271,871,-435
-374,910,-484
-455,946,-496
-489,939,-432
-497,872,-206
-528,885,-108
-567,894,29
-571,853,249
-512,778,522
-293,774,864
-247,874,754
-294,971,447
-394,988,103
-456,889,-60
-421,732,28
-328,644,213
-269,834,119
-299,920,-116
-282,900,-288
-198,832,-355
-78,812,-380
44,869,-419
273,1015,-421
373,1020,-320
448,1036,-215
505,1158,-152
569,1435,-84
658,1762,75
753,1885,318
702,1042,506
489,640,311
257,719,57
143,1130,-107
183,1409,-137
275,1294,-90
210,759,-121
91,795,-264
-3,921,-439
-81,957,-573
-178,881,-618
-301,785,-585
-422,744,-524
-534,775,-395
-525,787,-294
-505,804,-179
-500,840,-84
-522,883,-21
-564,895,17
-619,801,77
-610,793,129
-592,880,213
-560,1025,336
-474,1110,506
-310,1045,696
-89,720,637
-201,717,260
-354,822,-94
-392,905,-163
-292,881,48
-164,789,287
-110,726,328
-124,744,177
-144,889,-118
-122,936,-135
-93,974,-104
-46,1019,-59
29,1061,-20
112,1085,-1
150,1093,-8
16,1109,-59
-52,1090,-63
-49,1029,-46
5,963,-33
65,953,-51
123,1023,-97
208,1132,-133
317,1222,-113
410,1255,95
338,1229,180
222,1215,167
105,1226,53
17,1233,-86
-16,1190,-165
5,1094,-165
67,935,-174
39,913,-256
-6,889,-354
-30,850,-439
-25,815,-515
-21,805,-581
-45,806,-620
-144,757,-565
-190,744,-535
-240,782,-548
-297,861,-577
-343,931,-567
-360,952,-507
-359,926,-428
-448,921,-209
-548,999,-10
-620,1083,212
-616,1104,386
-549,1048,473
-484,967,490
-449,914,485
-240,831,589
-54,780,633
13,791,490
-130,867,109
-387,914,-354
-550,854,-645
-488,736,-647
-229,689,-450
391,922,-25
533,1049,73
483,1115,54
283,1137,-81
63,1143,-247
-32,1143,-317
41,1126,-231
320,1031,155
322,1017,266
244,1091,274
165,1241,222
142,1373,177
175,1371,177
240,1213,209
312,1020,226
365,1060,93
300,1206,-24
196,1237,-115
104,1134,-168
49,1001,-226
9,929,-329
-48,908,-464
-136,890,-570
-377,882,-576
-500,914,-505
-588,908,-419
-618,832,-342
-604,727,-279
-583,678,-204
-588,720,-85
-617,803,68
-669,824,291
-643,755,368
-571,685,496
-477,657,680
-400,697,838
-376,782,846
-416,827,641
-504,768,301
-622,587,-103
-555,641,-33
-426,747,82
-321,806,114
-298,792,26
-336,764,-130
-283,845,-355
-147,920,-359
6,973,-313
150,1000,-256
277,1018,-227
368,1046,-243
337,1156,-321
278,1244,-307
284,1343,-225
379,1409,-73
519,1394,120
632,1301,280
660,1194,333
460,1187,200
307,1272,141
177,1322,84
100,1290,-15
91,1209,-158
125,1158,-298
75,1166,-451
-36,1079,-484
-125,902,-508
-149,709,-520
-143,572,-513
-171,512,-495
-259,501,-482
-477,495,-475
-551,509,-462
-615,564,-439
-674,643,-411
-716,710,-379
-734,759,-339
-750,806,-287
-782,850,-210
-744,889,74
-609,921,232
-456,966,333
-374,988,380
-396,980,424
-446,969,510
-397,959,634
21,903,734
60,930,544
-168,999,218
-502,1008,-57
-678,903,-125
-581,769,-8
-333,741,119
-138,843,129
-103,1020,30
-118,970,91
-126,881,159
-169,826,138
-237,845,34
-264,926,-51
-206,1023,-43
-99,1108,44
-20,1189,147
-35,1271,250
-51,1183,252
-54,1042,218
-84,952,146
-158,955,51
-239,991,-32
-286,980,-83
-302,917,-107
-376,831,-171
-426,836,-220
-451,841,-255
-458,839,-261
-473,839,-235
-505,849,-189
-543,865,-141
-561,880,-107
-511,919,-83
-487,928,-85
-490,901,-88
-514,835,-85
-539,758,-76
-556,718,-72
-551,759,-66
-491,891,-3
-158,1177,464
-35,1147,648
-80,1000,534
-273,857,134
-465,814,-286
-516,850,-444
-404,879,-294
-16,796,131
114,775,157
149,817,92
83,902,-11
-41,981,-121
-145,1012,-190
-170,994,-183
-110,973,-121
145,1111,-21
272,1238,-6
355,1300,11
380,1260,48
359,1176,109
314,1133,178
266,1150,222
228,1174,209
203,1175,145
186,1202,7
162,1211,-29
110,1153,-47
55,1042,-50
30,946,-54
37,920,-99
41,952,-209
15,991,-350
-79,973,-490
-128,928,-475
-199,884,-468
-287,840,-499
-361,786,-556
-397,722,-597
-417,672,-593
-461,661,-545
-674,720,-405
-788,744,-315
-854,771,-159
-852,821,103
-773,875,457
-610,881,817
-398,813,1037
-251,722,977
-534,745,170
-768,794,-113
-808,768,-117
-644,686,19
-428,625,93
-291,628,32
-236,678,-93
-153,828,-283
-108,921,-306
-82,1018,-276
-59,1103,-201
-14,1155,-93
49,1161,27
106,1155,125
161,1224,164
248,1421,154
395,1729,205
307,1539,273
132,1223,276
-14,1038,171
-66,1082,7
-52,1203,-124
-37,1191,-174
-52,1011,-183
-119,669,-355
-160,615,-505
-224,570,-611
-318,526,-639
-430,520,-607
-549,572,-552
-668,659,-503
-782,756,-471
-929,908,-359
-940,926,-237
-925,900,-108
-894,857,-27
-834,833,-3
-727,854,4
-457,998,106
-358,1021,223
-275,940,378
-202,785,494
-255,643,223
-393,691,-71
-499,708,-264
-408,652,-304
-254,731,-304
-63,875,-281
138,1006,-209
364,1161,-177
343,1213,-260
285,1219,-266
235,1166,-120
182,1089,244
189,1153,238
223,1233,154
260,1267,112
247,1218,199
216,1191,175
204,1149,85
220,1084,1
287,1024,-86
287,1069,-180
227,1123,-315
0,1111,-518
-76,1035,-555
-92,927,-568
-66,808,-575
-24,662,-614
-49,680,-640
-98,731,-637
-155,769,-589
-294,806,-442
-391,860,-394
-495,929,-346
-605,973,-119
-606,948,41
-625,931,166
-692,937,227
-879,962,246
-919,935,243
-866,876,261
-678,802,339
-171,719,516
-175,708,364
-396,632,19
-632,468,-342
-507,337,-545
-247,531,-431
-14,784,-294
284,1096,-160
331,1167,-195
278,1193,-249
162,1175,-257
132,1271,-77
297,1454,79
490,1596,260
607,1567,394
546,1132,257
465,1011,107
399,1044,44
281,1174,-44
224,1085,-198
189,934,-345
174,817,-419
85,784,-503
-14,799,-572
-119,815,-600
-198,852,-549
-272,988,-352
-322,1027,-312
-398,1030,-302
-525,1024,-224
-541,1053,-168
-529,1103,-119
-481,1152,-40
-288,1076,302
-233,956,482
-238,878,584
-248,890,591
-140,951,400
-136,865,258
-244,738,122
-488,657,-30
-426,689,-31
-254,687,-11
-81,655,-9
-7,764,-131
-52,913,-210
-69,1021,-262
-36,1041,-281
122,1001,-257
196,1049,-222
233,1166,-194
246,1363,-191
471,1806,-108
733,1704,54
942,1275,262
661,734,462
278,1104,295
7,1531,-23
-26,1588,-307
268,968,-247
289,913,-129
186,1015,-179
64,1031,-362
23,725,-625
32,682,-656
-16,737,-684
-119,771,-688
-318,764,-592
-380,813,-447
-423,869,-303
-411,721,-138
-370,630,-147
-380,671,-202
-468,839,-247
-672,1146,-133
-671,1165,-3
-603,1140,117
-421,1144,284
-330,1131,354
-199,1058,443
-29,951,542
89,804,496
-84,763,281
-308,729,41
-432,724,-103
-221,800,-34
-49,812,53
41,805,96
27,864,90
-150,1480,104
-179,1847,175
-113,1868,239
17,1407,253
158,448,170
122,667,106
78,1083,41
-1,1040,70
-72,816,160
-142,802,186
-194,913,89
-319,832,-281
-413,745,-409
-492,782,-463
-527,882,-454
-492,921,-324
-471,923,-246
-470,974,-176
-468,1042,-38
-423,1017,49
-353,1001,148
-297,1009,232
-300,1027,261
-276,1035,231
-157,1021,222
28,933,251
113,714,181
-87,805,-29
-295,1000,-238
-364,1124,-267
-94,952,189
76,868,332
194,893,277
236,982,107
145,1055,-55
113,1039,14
143,1104,100
330,1520,197
409,1524,230
417,1231,265
325,867,286
15,945,140
-33,1146,0
9,1103,-69
60,880,-26
-41,796,3
-139,926,-148
-200,950,-319
-236,786,-452
-269,822,-457
-326,924,-452
-392,994,-419
-472,1004,-270
-468,1039,-187
-456,1079,-91
-453,1062,42
-426,874,379
-355,838,519
-252,864,629
-155,893,694
-166,896,469
-283,928,225
-379,939,93
-270,727,321
-149,647,366
-92,697,233
-99,823,48
-95,917,21
-45,881,102
-2,868,118
11,899,66
26,1037,-59
82,1105,-96
177,1157,-129
300,1227,-153
527,1475,-19
534,1445,140
461,1208,269
382,842,284
428,978,224
442,1135,138
372,1140,29
114,983,-114
29,1026,-140
-25,1076,-181
-82,1039,-237
-238,847,-289
-307,823,-289
-363,842,-289
-452,886,-241
-476,900,-189
-482,908,-133
-476,903,-60
-473,852,207
-490,834,365
-501,865,486
-487,946,553
-426,1027,498
-447,948,335
-499,850,118
-527,780,-41
-429,636,-37
-363,582,-48
-294,629,-147
-196,778,-251
41,1032,-185
105,1052,-86
126,1065,-38
149,1147,-75
182,1120,-74
218,1026,-48
228,949,-36
220,1147,-107
314,1379,-98
468,1540,8
454,1292,362
235,1073,437
66,1049,379
64,1215,225
270,1310,-73
263,1089,-169
198,862,-284
133,745,-455
-31,744,-819
-141,738,-874
-219,712,-835
-261,699,-769
-365,775,-731
-428,834,-710
-462,879,-644
-467,895,-545
-514,890,-330
-577,906,-199
-619,937,-33
-526,1016,286
-449,1042,347
-408,1026,343
-400,961,324
-401,854,347
-409,885,358
-412,938,354
-356,948,367
-48,816,434
-34,818,325
-248,905,72
-691,981,-355
-529,910,-346
-168,850,-257
171,841,-183
322,947,-151
187,1022,-161
36,1052,-170
-43,1010,-165
59,906,-115
147,959,-102
217,1077,-93
302,1231,-56
610,1534,133
755,1542,213
795,1382,233
515,1019,118
322,1073,7
199,1202,-126
154,1223,-253
104,863,-390
43,745,-429
-20,747,-477
-78,782,-515
-226,750,-463
-316,762,-395
-395,828,-346
-457,909,-322
-543,1042,-218
-565,1098,-131
-570,1112,-65
-512,980,61
-433,928,201
-342,931,365
-283,955,488
-305,931,514
-301,881,485
-240,807,497
-164,718,542
-211,703,433
-289,803,256
-312,871,132
-248,767,162
-227,752,140
-187,848,25
-98,998,-102
67,1099,-108
48,1052,-56
-15,1033,-62
-46,1098,-150
-14,1101,-135
-5,1075,-98
-24,1050,-82
35,1078,-132
186,1150,-156
398,1235,-149
581,1284,-102
445,1270,-20
170,1272,-50
-31,1263,-89
-65,1207,-97
31,1042,-126
-4,999,-205
-58,969,-301
-85,936,-393
-116,862,-551
-155,822,-570
-192,782,-540
-212,754,-516
-245,746,-602
-280,772,-629
-326,827,-588
-409,963,-400
-427,985,-316
-431,970,-234
-424,948,-134
-368,984,99
-350,1066,185
-373,1173,247
-424,1248,316
-348,1077,560
-144,859,698
51,689,778
71,663,716
-462,938,59
-653,1023,-301
-598,1002,-454
-101,853,-184
110,819,-25
242,837,25
268,916,-38
42,1075,-298
-25,1036,-332
58,943,-261
253,898,-132
530,1174,120
527,1408,240
493,1582,342
482,1610,380
490,1211,250
439,1011,190
350,978,150
237,1146,-65
259,1119,-224
289,1036,-348
268,969,-428
31,808,-590
-109,671,-704
-227,593,-803
-330,631,-838
-509,829,-688
-567,867,-583
-606,884,-496
-657,881,-320
-644,874,-199
-577,939,-51
-454,1096,112
-177,1271,448
-121,1147,601
-144,991,664
-229,913,545
-446,904,-35
-478,824,-160
-405,701,-95
-249,617,17
-7,765,-83
0,934,-225
-19,1060,-300
-11,1093,-285
115,995,-186
174,984,-190
198,1016,-228
200,1091,-291
247,1114,-266
343,1146,-193
456,1194,-88
572,1235,117
573,1188,173
556,1142,201
446,1270,200
364,1388,124
298,1425,-8
261,1343,-136
231,1011,-257
213,882,-356
178,806,-535
122,764,-722
-21,684,-801
-112,663,-734
-217,691,-682
-306,753,-642
-344,788,-480
-374,746,-394
-482,712,-349
-638,707,-340
-745,779,-284
-643,870,-177
-517,1009,-5
-430,1171,211
-342,1283,629
-258,1119,764
-136,881,821
-58,748,528
-212,872,167
-405,936,-168
-485,866,-305
-162,685,-62
20,745,10
72,869,-43
4,980,-148
-114,1012,-229
-58,958,-196
36,914,-154
117,913,-130
179,996,-163
210,1080,-188
296,1255,-178
463,1501,-89
855,1504,315
864,1113,433
670,797,348
191,1180,-156
196,1433,-282
326,1349,-268
411,1046,-221
183,847,-378
8,941,-509
-120,919,-558
-220,784,-517
-455,741,-393
-566,835,-349
-620,856,-286
-607,809,-187
-529,842,51
-527,892,156
-531,869,249
-506,802,325
-404,869,345
-379,1001,307
-380,1079,302
-394,1058,432
-396,876,483
-349,805,453
-283,766,307
-282,792,-209
-356,816,-410
-390,820,-495
-323,818,-484
45,876,-357
209,932,-298
273,998,-269
227,1065,-286
65,1136,-387
113,1153,-381
256,1192,-304
421,1247,-187
637,1281,-18
706,1239,11
747,1171,34
715,1103,70
349,1126,106
154,1214,48
79,1254,-46
209,1087,-163
234,1017,-185
190,1018,-250
130,1040,-364
98,942,-530
63,871,-539
-19,842,-541
-118,843,-557
-213,791,-565
-232,716,-529
-279,637,-473
-361,606,-402
-496,820,-232
-508,1028,-143
-504,1215,-31
-507,1309,126
-506,1098,448
-474,914,494
-405,814,488
-293,825,500
-118,915,470
-198,875,286
-370,774,51
-501,608,-89
-370,641,-17
-208,720,11
-95,786,-35
-34,870,-153
-30,943,-160
-19,1026,-166
9,1080,-195
160,1043,-259
245,997,-249
292,992,-216
309,1054,-166
498,1376,80
713,1517,292
893,1481,461
909,1235,477
406,883,59
152,1065,-163
72,1277,-275
241,1097,-232
254,911,-199
174,847,-216
64,853,-273
-85,768,-361
-145,733,-356
-208,770,-337
-270,852,-317
-399,957,-261
-461,963,-206
-495,971,-121
-483,987,-15
-358,985,143
-284,972,200
-220,969,279
-178,979,368
-197,1063,417
-226,1111,389
-226,1078,400
-173,762,485
-33,706,388
-68,788,170
-188,881,-42
-350,774,-139
-280,741,-150
-142,817,-217
3,924,-276
166,975,-132
154,971,-34
99,996,-37
54,1037,-133
141,1112,-284
241,1138,-266
319,1154,-222
369,1159,-173
512,1129,-39
590,1110,29
588,1114,77
483,1154,112
228,1247,172
205,1244,134
235,1217,29
254,1147,-123
206,1072,-119
136,967,-146
73,872,-249
21,839,-483
-9,858,-502
-60,849,-466
-105,816,-416
-127,798,-345
-145,828,-319
-182,859,-293
-225,885,-273
-339,1024,-246
-427,1145,-194
-493,1228,-86
-483,1202,48
-316,918,167
-293,853,138
-321,905,130
-199,1024,382
-11,927,569
107,793,629
37,745,462
-409,915,-193
-459,934,-311
-319,866,-228
-87,785,-84
241,789,-60
256,859,-163
197,940,-253
137,991,-274
268,934,-76
408,953,41
466,1133,91
406,1433,80
312,1695,95
416,1483,166
513,1200,234
494,1020,255
248,1047,126
169,1089,25
127,1076,-70
62,892,-260
34,770,-352
0,694,-419
-51,701,-449
-170,854,-430
-221,902,-402
-271,918,-363
-328,928,-305
-440,943,-147
-469,931,-78
-469,917,-27
-414,896,50
-379,866,108
-339,838,188
-292,849,277
-220,1037,395
-239,1142,421
-287,1167,453
-313,1085,494
-192,867,381
-168,858,147
-249,852,-118
-378,782,-315
-354,698,-487
-142,809,-531
119,944,-522
329,1022,-447
345,1070,-355
212,1122,-387
124,1172,-379
260,1107,-164
370,1120,-91
420,1274,-65
418,1445,-4
448,1167,288
481,957,341
464,1007,267
373,1237,143
120,1337,-26
76,1198,-117
101,1103,-208
133,1055,-252
35,948,-289
-46,955,-394
-76,1006,-515
-40,1013,-571
9,826,-532
-77,789,-557
-196,827,-601
-293,840,-540
-313,791,-449
-378,780,-370
-458,814,-311
-449,792,-189
-396,714,-96
-401,703,27
-480,820,172
-626,1055,384
-589,940,380
-515,749,324
-464,652,268
-374,795,179
-268,831,70
-192,783,-88
-224,716,-248
-390,777,-420
-289,886,-421
-68,963,-379
138,980,-318
193,971,-295
133,998,-326
135,1029,-326
367,1135,-190
491,1249,-107
556,1383,-23
569,1476,79
560,1343,259
526,1189,231
450,1107,133
356,1131,43
273,1201,-20
291,1140,-78
316,1054,-171
322,993,-269
202,924,-461
103,855,-559
14,774,-630
-71,731,-666
-285,799,-655
-383,815,-578
-459,767,-440
-581,675,-191
-611,748,-170
-599,864,-194
-541,938,-196
-369,895,30
-326,864,218
-327,877,399
-326,941,556
-150,986,801
-50,840,801
-55,680,624
-176,662,297
-427,916,-204
-420,897,-209
-333,790,-151
-202,750,-134
58,995,-180
108,1088,-135
83,1090,-45
-12,1036,40
7,1059,-13
87,1107,-78
207,1175,-89
460,1351,86
518,1390,172
461,1369,195
281,1328,152
-74,1315,-29
-52,1286,-85
64,1204,-77
146,1096,-44
23,946,-153
-62,894,-288
-103,835,-409
-129,781,-491
-253,736,-535
