x,y,z,s,e
-1417,677,-115,15:21:59,15:22:51
-1437,668,-31,15:21:59,15:22:51
-1379,570,61,15:21:59,15:22:51
-1158,180,140,15:21:59,15:22:51
-1141,2,138,15:21:59,15:22:51
-1208,-51,142,15:21:59,15:22:51
-1147,166,124,15:21:59,15:22:51
-887,224,75,15:21:59,15:22:51
-608,193,52,15:21:59,15:22:51
-492,187,86,15:21:59,15:22:51
-874,547,171,15:21:59,15:22:51
-1089,701,173,15:21:59,15:22:51
-1149,640,178,15:21:59,15:22:51
-1088,418,177,15:21:59,15:22:51
-999,196,40,15:21:59,15:22:51
-1000,254,-25,15:21:59,15:22:51
-971,261,-19,15:21:59,15:22:51
-812,91,114,15:21:59,15:22:51
-730,78,165,15:21:59,15:22:51
-678,116,188,15:21:59,15:22:51
-745,103,118,15:21:59,15:22:51
-840,41,42,15:21:59,15:22:51
-930,-29,-20,15:21:59,15:22:51
-1001,-109,-52,15:21:59,15:22:51
-1092,-266,-71,15:21:59,15:22:51
-1089,-282,-80,15:21:59,15:22:51
-1048,-249,-90,15:21:59,15:22:51
-1000,-135,-117,15:21:59,15:22:51
-1053,-48,-122,15:21:59,15:22:51
-1129,69,-112,15:21:59,15:22:51
-1177,193,-92,15:21:59,15:22:51
-1161,354,-72,15:21:59,15:22:51
-1175,408,-60,15:21:59,15:22:51
-1217,465,-27,15:21:59,15:22:51
-1227,521,23,15:21:59,15:22:51
-1036,533,117,15:21:59,15:22:51
-934,447,134,15:21:59,15:22:51
-908,321,120,15:21:59,15:22:51
-1006,167,41,15:21:59,15:22:51
-1044,206,18,15:21:59,15:22:51
-1031,296,6,15:21:59,15:22:51
-941,383,-21,15:21:59,15:22:51
-559,462,-119,15:21:59,15:22:51
-414,490,-94,15:21:59,15:22:51
-445,536,11,15:21:59,15:22:51
-1081,506,214,15:21:59,15:22:51
-1405,362,180,15:21:59,15:22:51
-1490,235,72,15:21:59,15:22:51
-1013,359,-39,15:21:59,15:22:51
-815,442,-4,15:21:59,15:22:51
-806,397,16,15:21:59,15:22:51
-910,292,-12,15:21:59,15:22:51
-989,276,-75,15:21:59,15:22:51
-945,288,-53,15:21:59,15:22:51
-927,223,-24,15:21:59,15:22:51
-957,112,-18,15:21:59,15:22:51
-1070,-19,-52,15:21:59,15:22:51
-1096,-29,-56,15:21:59,15:22:51
-1083,-15,-39,15:21:59,15:22:51
-1051,32,-6,15:21:59,15:22:51
-1095,227,12,15:21:59,15:22:51
-1167,315,-32,15:21:59,15:22:51
-1204,368,-88,15:21:59,15:22:51
-1124,418,-105,15:21:59,15:22:51
-1087,434,-49,15:21:59,15:22:51
-1070,440,25,15:21:59,15:22:51
-1042,426,83,15:21:59,15:22:51
-940,288,77,15:21:59,15:22:51
-939,176,82,15:21:59,15:22:51
-973,77,147,15:21:59,15:22:51
-995,20,243,15:21:59,15:22:51
-952,59,249,15:21:59,15:22:51
-960,151,134,15:21:59,15:22:51
-1013,283,6,15:21:59,15:22:51
-1078,416,-78,15:21:59,15:22:51
-1109,483,-58,15:21:59,15:22:51
-1077,414,-3,15:21:59,15:22:51
-1044,342,14,15:21:59,15:22:51
-1021,293,-28,15:21:59,15:22:51
-975,220,-121,15:21:59,15:22:51
-925,222,-72,15:21:59,15:22:51
-861,267,19,15:21:59,15:22:51
-791,318,99,15:21:59,15:22:51
-810,249,72,15:21:59,15:22:51
-842,136,43,15:21:59,15:22:51
-866,23,22,15:21:59,15:22:51
-886,-71,-56,15:21:59,15:22:51
-908,-36,-106,15:21:59,15:22:51
-961,20,-137,15:21:59,15:22:51
-1047,74,-146,15:21:59,15:22:51
-1182,189,-148,15:21:59,15:22:51
-1172,247,-165,15:21:59,15:22:51
-1146,291,-180,15:21:59,15:22:51
-1161,334,-181,15:21:59,15:22:51
-1271,434,-136,15:21:59,15:22:51
-1246,432,-102,15:21:59,15:22:51
-1145,368,-63,15:21:59,15:22:51
-1036,276,-21,15:21:59,15:22:51
-982,159,50,15:21:59,15:22:51
-982,119,48,15:21:59,15:22:51
-961,83,-3,15:21:59,15:22:51
-948,106,-158,15:21:59,15:22:51
-1012,401,-162,15:21:59,15:22:51
-1036,492,-104,15:21:59,15:22:51
-1034,460,-34,15:21:59,15:22:51
-1015,390,-25,15:21:59,15:22:51
-1005,423,-72,15:21:59,15:22:51
-980,402,-104,15:21:59,15:22:51
-936,318,-94,15:21:59,15:22:51
-853,266,-15,15:21:59,15:22:51
-850,279,-30,15:21:59,15:22:51
-861,220,-82,15:21:59,15:22:51
-851,103,-109,15:21:59,15:22:51
-795,-30,-21,15:21:59,15:22:51
-841,-42,-16,15:21:59,15:22:51
-947,-74,-77,15:21:59,15:22:51
-1047,-113,-146,15:21:59,15:22:51
-1066,-31,-123,15:21:59,15:22:51
-1050,60,-79,15:21:59,15:22:51
-1074,120,-74,15:21:59,15:22:51
-1185,210,-148,15:21:59,15:22:51
-1234,305,-174,15:21:59,15:22:51
-1262,400,-176,15:21:59,15:22:51
-1249,446,-148,15:21:59,15:22:51
-1087,404,-15,15:21:59,15:22:51
-1005,389,39,15:21:59,15:22:51
-963,389,60,15:21:59,15:22:51
-960,389,54,15:21:59,15:22:51
-982,365,47,15:21:59,15:22:51
-988,333,79,15:21:59,15:22:51
-1000,280,119,15:21:59,15:22:51
-1055,227,85,15:21:59,15:22:51
-1047,281,15,15:21:59,15:22:51
-979,359,-28,15:21:59,15:22:51
-888,417,-20,15:21:59,15:22:51
-907,464,54,15:21:59,15:22:51
-1010,490,80,15:21:59,15:22:51
-1077,494,110,15:21:59,15:22:51
-1079,432,140,15:21:59,15:22:51
-1035,178,86,15:21:59,15:22:51
-1021,114,8,15:21:59,15:22:51
-983,122,-51,15:21:59,15:22:51
-920,150,-70,15:21:59,15:22:51
-811,100,-35,15:21:59,15:22:51
-778,53,-5,15:21:59,15:22:51
-754,32,27,15:21:59,15:22:51
-752,29,48,15:21:59,15:22:51
-853,-47,-8,15:21:59,15:22:51
-930,-132,-59,15:21:59,15:22:51
-987,-212,-71,15:21:59,15:22:51
-1002,-266,-35,15:21:59,15:22:51
-962,-300,10,15:21:59,15:22:51
-958,-264,-35,15:21:59,15:22:51
-968,-183,-88,15:21:59,15:22:51
-973,-26,-122,15:21:59,15:22:51
-984,-1,-124,15:21:59,15:22:51
-1023,24,-129,15:21:59,15:22:51
-1075,86,-128,15:21:59,15:22:51
-1095,255,-124,15:21:59,15:22:51
-1055,302,-130,15:21:59,15:22:51
-1021,338,-121,15:21:59,15:22:51
-1017,403,-83,15:21:59,15:22:51
-1063,637,25,15:21:59,15:22:51
-1068,709,47,15:21:59,15:22:51
-1035,690,37,15:21:59,15:22:51
-968,601,10,15:21:59,15:22:51
-890,421,-32,15:21:59,15:22:51
-907,379,-34,15:21:59,15:22:51
-902,374,-9,15:21:59,15:22:51
-840,416,46,15:21:59,15:22:51
-728,567,114,15:21:59,15:22:51
-763,596,70,15:21:59,15:22:51
-820,585,8,15:21:59,15:22:51
-870,556,4,15:21:59,15:22:51
-898,566,40,15:21:59,15:22:51
-942,578,57,15:21:59,15:22:51
-977,572,59,15:21:59,15:22:51
-1028,463,68,15:21:59,15:22:51
-1079,385,54,15:21:59,15:22:51
-1108,325,19,15:21:59,15:22:51
-1057,297,-8,15:21:59,15:22:51
-791,311,18,15:21:59,15:22:51
-726,332,31,15:21:59,15:22:51
-756,342,14,15:21:59,15:22:51
-845,320,-26,15:21:59,15:22:51
-996,173,-110,15:21:59,15:22:51
-1006,100,-122,15:21:59,15:22:51
-979,61,-106,15:21:59,15:22:51
-943,47,-68,15:21:59,15:22:51
-941,20,27,15:21:59,15:22:51
-985,20,54,15:21:59,15:22:51
-1030,45,45,15:21:59,15:22:51
-1052,77,0,15:21:59,15:22:51
-1044,102,-91,15:21:59,15:22:51
-1051,127,-92,15:21:59,15:22:51
-1075,173,-80,15:21:59,15:22:51
-1118,220,-90,15:21:59,15:22:51
-1105,214,-91,15:21:59,15:22:51
-1066,237,-62,15:21:59,15:22:51
-1020,308,-7,15:21:59,15:22:51
-988,502,90,15:21:59,15:22:51
-992,584,104,15:21:59,15:22:51
-982,646,98,15:21:59,15:22:51
-919,663,98,15:21:59,15:22:51
-906,622,117,15:21:59,15:22:51
-924,557,127,15:21:59,15:22:51
-969,451,114,15:21:59,15:22:51
-1086,185,44,15:21:59,15:22:51
-1108,149,7,15:21:59,15:22:51
-1057,210,-17,15:21:59,15:22:51
-947,316,-13,15:21:59,15:22:51
-899,523,84,15:21:59,15:22:51
-1055,604,125,15:21:59,15:22:51
-1228,619,131,15:21:59,15:22:51
-1308,530,116,15:21:59,15:22:51
-1173,206,83,15:21:59,15:22:51
-1070,138,70,15:21:59,15:22:51
-980,176,67,15:21:59,15:22:51
-894,269,80,15:21:59,15:22:51
-733,369,140,15:21:59,15:22:51
-700,350,166,15:21:59,15:22:51
-716,306,164,15:21:59,15:22:51
-797,155,57,15:21:59,15:22:51
-809,67,-6,15:21:59,15:22:51
-817,10,-46,15:21:59,15:22:51
-866,3,-63,15:21:59,15:22:51
-1097,118,-68,15:21:59,15:22:51
-1172,199,-67,15:21:59,15:22:51
-1169,259,-75,15:21:59,15:22:51
-1127,284,-105,15:21:59,15:22:51
-1143,286,-191,15:21:59,15:22:51
-1188,322,-168,15:21:59,15:22:51
-1216,396,-76,15:21:59,15:22:51
-1173,553,126,15:21:59,15:22:51
-1099,594,153,15:21:59,15:22:51
-1020,605,135,15:21:59,15:22:51
-969,579,94,15:21:59,15:22:51
-935,350,-24,15:21:59,15:22:51
-915,203,-63,15:21:59,15:22:51
-927,138,-72,15:21:59,15:22:51
-1089,378,-67,15:21:59,15:22:51
-1098,553,-83,15:21:59,15:22:51
-964,637,-97,15:21:59,15:22:51
-744,618,-83,15:21:59,15:22:51
-647,550,53,15:21:59,15:22:51
-903,561,106,15:21:59,15:22:51
-1217,517,85,15:21:59,15:22:51
-1407,369,-3,15:21:59,15:22:51
-1210,65,-131,15:21:59,15:22:51
-1009,64,-96,15:21:59,15:22:51
-895,107,-30,15:21:59,15:22:51
-931,41,40,15:21:59,15:22:51
-949,5,37,15:21:59,15:22:51
-917,47,26,15:21:59,15:22:51
-809,181,-13,15:21:59,15:22:51
-795,137,-19,15:21:59,15:22:51
-824,22,9,15:21:59,15:22:51
-886,-106,54,15:21:59,15:22:51
-972,-235,32,15:21:59,15:22:51
-971,-220,-12,15:21:59,15:22:51
-983,-171,-10,15:21:59,15:22:51
-1025,-103,37,15:21:59,15:22:51
-1073,35,46,15:21:59,15:22:51
-1059,73,-23,15:21:59,15:22:51
-1055,83,-85,15:21:59,15:22:51
-1066,108,-104,15:21:59,15:22:51
-1037,180,-96,15:21:59,15:22:51
-997,293,-98,15:21:59,15:22:51
-983,406,-107,15:21:59,15:22:51
-1035,530,-115,15:21:59,15:22:51
-1033,558,-113,15:21:59,15:22:51
-990,569,-103,15:21:59,15:22:51
-933,561,-85,15:21:59,15:22:51
-912,527,-50,15:21:59,15:22:51
-966,456,-46,15:21:59,15:22:51
-1035,298,-45,15:21:59,15:22:51
-1104,23,-18,15:21:59,15:22:51
-1088,85,4,15:21:59,15:22:51
-1063,229,21,15:21:59,15:22:51
-1057,348,21,15:21:59,15:22:51
-1101,445,-23,15:21:59,15:22:51
-1112,501,-24,15:21:59,15:22:51
-1116,542,-1,15:21:59,15:22:51
-1135,510,8,15:21:59,15:22:51
-1176,238,-82,15:21:59,15:22:51
-1126,125,-103,15:21:59,15:22:51
-1013,91,-66,15:21:59,15:22:51
-756,212,38,15:21:59,15:22:51
-692,283,64,15:21:59,15:22:51
-678,303,90,15:21:59,15:22:51
-690,254,110,15:21:59,15:22:51
-742,25,49,15:21:59,15:22:51
-807,-74,-8,15:21:59,15:22:51
-888,-120,-29,15:21:59,15:22:51
-951,-32,57,15:21:59,15:22:51
-1005,41,67,15:21:59,15:22:51
-1024,83,7,15:21:59,15:22:51
-1026,80,-86,15:21:59,15:22:51
-1019,63,-176,15:21:59,15:22:51
-1086,124,-166,15:21:59,15:22:51
-1186,221,-158,15:21:59,15:22:51
-1240,304,-162,15:21:59,15:22:51
-1120,390,-148,15:21:59,15:22:51
-1080,471,-113,15:21:59,15:22:51
-1116,584,-75,15:21:59,15:22:51
-1125,695,16,15:21:59,15:22:51
-1003,675,105,15:21:59,15:22:51
-875,644,188,15:21:59,15:22:51
-818,585,204,15:21:59,15:22:51
-866,278,49,15:21:59,15:22:51
-898,154,0,15:21:59,15:22:51
-954,167,-10,15:21:59,15:22:51
-1041,290,-25,15:21:59,15:22:51
-1090,496,-68,15:21:59,15:22:51
-980,529,-10,15:21:59,15:22:51
-861,552,97,15:21:59,15:22:51
-970,578,189,15:21:59,15:22:51
-1157,558,99,15:21:59,15:22:51
-1252,493,-48,15:21:59,15:22:51
-1163,363,-182,15:21:59,15:22:51
-768,165,-117,15:21:59,15:22:51
-737,252,27,15:21:59,15:22:51
-826,372,91,15:21:59,15:22:51
-913,369,34,15:21:59,15:22:51
-890,31,-109,15:21:59,15:22:51
-900,-74,-90,15:21:59,15:22:51
-958,-98,-53,15:21:59,15:22:51
-995,-98,-25,15:21:59,15:22:51
-923,-137,32,15:21:59,15:22:51
-941,-156,44,15:21:59,15:22:51
-1025,-149,27,15:21:59,15:22:51
-1101,-112,5,15:21:59,15:22:51
-1089,-11,34,15:21:59,15:22:51
-1085,29,59,15:21:59,15:22:51
-1119,74,43,15:21:59,15:22:51
-1176,188,-78,15:21:59,15:22:51
-1160,249,-90,15:21:59,15:22:51
-1129,323,-46,15:21:59,15:22:51
-1106,413,17,15:21:59,15:22:51
-1137,519,82,15:21:59,15:22:51
-1155,488,97,15:21:59,15:22:51
-1133,425,114,15:21:59,15:22:51
-1084,263,90,15:21:59,15:22:51
-1078,136,70,15:21:59,15:22:51
-1096,0,85,15:21:59,15:22:51
-1049,-81,121,15:21:59,15:22:51
-878,49,102,15:21:59,15:22:51
-933,184,58,15:21:59,15:22:51
-1085,280,36,15:21:59,15:22:51
-1217,316,35,15:21:59,15:22:51
-1189,284,-18,15:21:59,15:22:51
-1145,231,-65,15:21:59,15:22:51
-1153,147,-79,15:21:59,15:22:51
-1172,57,-56,15:21:59,15:22:51
-1071,-14,-18,15:21:59,15:22:51
-974,2,0,15:21:59,15:22:51
-871,28,57,15:21:59,15:22:51
-763,60,140,15:21:59,15:22:51
-610,132,177,15:21:59,15:22:51
-619,112,115,15:21:59,15:22:51
-683,16,39,15:21:59,15:22:51
-769,-120,-33,15:21:59,15:22:51
-904,-243,-128,15:21:59,15:22:51
-958,-213,-117,15:21:59,15:22:51
-1022,-186,-75,15:21:59,15:22:51
-1099,-136,-40,15:21:59,15:22:51
-1086,-73,-77,15:21:59,15:22:51
-1081,-16,-128,15:21:59,15:22:51
-1110,7,-168,15:21:59,15:22:51
-1138,67,-160,15:21:59,15:22:51
-1079,161,-111,15:21:59,15:22:51
-1026,268,-57,15:21:59,15:22:51
-1030,357,-26,15:21:59,15:22:51
-1091,500,-23,15:21:59,15:22:51
-1050,569,0,15:21:59,15:22:51
-983,624,42,15:21:59,15:22:51
-938,673,72,15:21:59,15:22:51
-887,743,43,15:21:59,15:22:51
-828,687,37,15:21:59,15:22:51
-770,552,61,15:21:59,15:22:51
-751,395,83,15:21:59,15:22:51
-820,234,22,15:21:59,15:22:51
-862,247,-13,15:21:59,15:22:51
-907,291,-9,15:21:59,15:22:51
-1029,409,34,15:21:59,15:22:51
-1070,504,31,15:21:59,15:22:51
-1078,632,28,15:21:59,15:22:51
-1082,733,38,15:21:59,15:22:51
-1193,615,-1,15:21:59,15:22:51
-1240,448,-81,15:21:59,15:22:51
-1208,294,-139,15:21:59,15:22:51
-1096,170,-118,15:21:59,15:22:51
-844,101,29,15:21:59,15:22:51
-788,207,20,15:21:59,15:22:51
-773,325,-42,15:21:59,15:22:51
-827,231,-74,15:21:59,15:22:51
-889,89,-17,15:21:59,15:22:51
-947,11,34,15:21:59,15:22:51
-982,10,50,15:21:59,15:22:51
-986,14,52,15:21:59,15:22:51
-973,-12,88,15:21:59,15:22:51
-967,-22,125,15:21:59,15:22:51
-984,-9,120,15:21:59,15:22:51
-1069,10,-9,15:21:59,15:22:51
-1089,34,-36,15:21:59,15:22:51
-1090,93,-3,15:21:59,15:22:51
-1092,172,52,15:21:59,15:22:51
-1089,278,73,15:21:59,15:22:51
-1050,305,54,15:21:59,15:22:51
-990,339,56,15:21:59,15:22:51
-902,447,105,15:21:59,15:22:51
-897,513,108,15:21:59,15:22:51
-905,577,87,15:21:59,15:22:51
-903,625,68,15:21:59,15:22:51
-878,672,119,15:21:59,15:22:51
-919,689,139,15:21:59,15:22:51
-1000,682,112,15:21:59,15:22:51
-1071,621,69,15:21:59,15:22:51
-1157,466,77,15:21:59,15:22:51
-1213,455,63,15:21:59,15:22:51
-1210,405,-2,15:21:59,15:22:51
-1067,230,-51,15:21:59,15:22:51
-629,-28,142,15:21:59,15:22:51
-675,209,228,15:21:59,15:22:51
-974,545,175,15:21:59,15:22:51
-1539,624,55,15:21:59,15:22:51
-1442,472,167,15:21:59,15:22:51
-1163,385,249,15:21:59,15:22:51
-920,328,174,15:21:59,15:22:51
-848,55,-61,15:21:59,15:22:51
-866,-7,34,15:21:59,15:22:51
-842,85,194,15:21:59,15:22:51
-790,246,269,15:21:59,15:22:51
-621,234,141,15:21:59,15:22:51
-559,63,106,15:21:59,15:22:51
-624,-98,110,15:21:59,15:22:51
-1103,-299,18,15:21:59,15:22:51
-1240,-303,-35,15:21:59,15:22:51
-1188,-218,-12,15:21:59,15:22:51
-1052,-104,57,15:21:59,15:22:51
-1051,-72,33,15:21:59,15:22:51
-1135,-85,-54,15:21:59,15:22:51
-1136,-25,-99,15:21:59,15:22:51
-1034,209,-44,15:21:59,15:22:51
-1081,303,-32,15:21:59,15:22:51
-1167,390,-40,15:21:59,15:22:51
-1236,540,34,15:21:59,15:22:51
-1212,557,116,15:21:59,15:22:51
-1149,564,185,15:21:59,15:22:51
-900,651,231,15:21:59,15:22:51
-788,659,211,15:21:59,15:22:51
-736,596,170,15:21:59,15:22:51
-739,487,120,15:21:59,15:22:51
-820,297,28,15:21:59,15:22:51
-859,280,16,15:21:59,15:22:51
-882,322,35,15:21:59,15:22:51
-898,384,55,15:21:59,15:22:51
-959,427,30,15:21:59,15:22:51
-1001,446,56,15:21:59,15:22:51
-1050,514,142,15:21:59,15:22:51
-1120,613,238,15:21:59,15:22:51
-1239,599,174,15:21:59,15:22:51
-1212,396,26,15:21:59,15:22:51
-1128,126,-89,15:21:59,15:22:51
-1033,-96,-118,15:21:59,15:22:51
-927,-67,-71,15:21:59,15:22:51
-898,131,-86,15:21:59,15:22:51
-863,269,-111,15:21:59,15:22:51
-830,245,-84,15:21:59,15:22:51
-802,-12,-29,15:21:59,15:22:51
-803,-39,55,15:21:59,15:22:51
-835,-47,155,15:21:59,15:22:51
-1008,-282,213,15:21:59,15:22:51
-1049,-352,152,15:21:59,15:22:51
-1018,-265,106,15:21:59,15:22:51
-974,-93,122,15:21:59,15:22:51
-1068,46,165,15:21:59,15:22:51
-1140,23,90,15:21:59,15:22:51
-1137,24,-9,15:21:59,15:22:51
-1002,121,-50,15:21:59,15:22:51
-1006,179,-15,15:21:59,15:22:51
-1069,250,0,15:21:59,15:22:51
-1132,345,-9,15:21:59,15:22:51
-1120,593,-5,15:21:59,15:22:51
-1103,693,15,15:21:59,15:22:51
-1103,726,40,15:21:59,15:22:51
-1085,686,67,15:21:59,15:22:51
-947,522,126,15:21:59,15:22:51
-905,427,142,15:21:59,15:22:51
-923,291,132,15:21:59,15:22:51
-979,125,87,15:21:59,15:22:51
-1044,-32,-59,15:21:59,15:22:51
-1025,30,-96,15:21:59,15:22:51
-1013,147,-80,15:21:59,15:22:51
-1053,301,-17,15:21:59,15:22:51
-1218,597,178,15:21:59,15:22:51
-1214,564,222,15:21:59,15:22:51
-1124,342,154,15:21:59,15:22:51
-1020,29,-134,15:21:59,15:22:51
-1001,-156,-137,15:21:59,15:22:51
-1001,86,-25,15:21:59,15:22:51
-914,343,79,15:21:59,15:22:51
-674,313,12,15:21:59,15:22:51
-655,169,-21,15:21:59,15:22:51
-687,96,29,15:21:59,15:22:51
-738,56,104,15:21:59,15:22:51
-952,-96,24,15:21:59,15:22:51
-1084,-100,-70,15:21:59,15:22:51
-1154,-38,-94,15:21:59,15:22:51
-1140,0,-46,15:21:59,15:22:51
-1029,-58,11,15:21:59,15:22:51
-1028,-4,-12,15:21:59,15:22:51
-1086,123,-26,15:21:59,15:22:51
-1227,284,-36,15:21:59,15:22:51
-1218,302,-70,15:21:59,15:22:51
-1166,355,-98,15:21:59,15:22:51
-1117,444,-91,15:21:59,15:22:51
-1082,527,13,15:21:59,15:22:51
-1042,519,69,15:21:59,15:22:51
-969,546,111,15:21:59,15:22:51
-882,615,136,15:21:59,15:22:51
-721,655,176,15:21:59,15:22:51
-664,577,186,15:21:59,15:22:51
-648,478,162,15:21:59,15:22:51
-692,392,107,15:21:59,15:22:51
-903,280,42,15:21:59,15:22:51
-986,287,40,15:21:59,15:22:51
-1011,356,33,15:21:59,15:22:51
-942,606,129,15:21:59,15:22:51
-935,711,245,15:21:59,15:22:51
-975,774,299,15:21:59,15:22:51
-1033,793,230,15:21:59,15:22:51
-1055,526,-50,15:21:59,15:22:51
-1021,230,-115,15:21:59,15:22:51
-991,27,-124,15:21:59,15:22:51
-978,79,-105,15:21:59,15:22:51
-975,449,-50,15:21:59,15:22:51
-961,369,-57,15:21:59,15:22:51
-935,185,-89,15:21:59,15:22:51
-915,93,-108,15:21:59,15:22:51
-947,169,-30,15:21:59,15:22:51
-985,125,22,15:21:59,15:22:51
-1005,36,45,15:21:59,15:22:51
-998,-11,39,15:21:59,15:22:51
-957,34,33,15:21:59,15:22:51
-967,65,51,15:21:59,15:22:51
-1002,111,57,15:21:59,15:22:51
-1040,182,35,15:21:59,15:22:51
-1027,276,-17,15:21:59,15:22:51
-985,267,-10,15:21:59,15:22:51
-951,261,6,15:21:59,15:22:51
-929,323,16,15:21:59,15:22:51
-929,380,17,15:21:59,15:22:51
-947,453,26,15:21:59,15:22:51
-992,545,52,15:21:59,15:22:51
-1041,697,166,15:21:59,15:22:51
-1000,710,222,15:21:59,15:22:51
-958,692,230,15:21:59,15:22:51
-958,661,178,15:21:59,15:22:51
-1020,463,70,15:21:59,15:22:51
-1035,266,82,15:21:59,15:22:51
-1066,102,116,15:21:59,15:22:51
-1118,64,139,15:21:59,15:22:51
-1133,280,137,15:21:59,15:22:51
-1084,405,136,15:21:59,15:22:51
-1048,523,146,15:21:59,15:22:51
-1045,630,169,15:21:59,15:22:51
-1067,631,160,15:21:59,15:22:51
-1073,490,82,15:21:59,15:22:51
-1070,292,-8,15:21:59,15:22:51
-950,-10,-21,15:21:59,15:22:51
-843,44,42,15:21:59,15:22:51
-760,217,84,15:21:59,15:22:51
-734,360,81,15:21:59,15:22:51
-792,253,46,15:21:59,15:22:51
-812,144,47,15:21:59,15:22:51
-821,90,40,15:21:59,15:22:51
-846,55,8,15:21:59,15:22:51
-971,-56,-57,15:21:59,15:22:51
-1021,-67,-53,15:21:59,15:22:51
-1040,-35,-40,15:21:59,15:22:51
-1063,15,-53,15:21:59,15:22:51
-1085,41,-74,15:21:59,15:22:51
-1113,102,-99,15:21:59,15:22:51
-1150,180,-129,15:21:59,15:22:51
-1204,315,-154,15:21:59,15:22:51
-1184,405,-120,15:21:59,15:22:51
-1131,499,-70,15:21:59,15:22:51
-1069,536,-30,15:21:59,15:22:51
-1041,397,31,15:21:59,15:22:51
-1064,391,111,15:21:59,15:22:51
-1041,480,198,15:21:59,15:22:51
-947,543,219,15:21:59,15:22:51
-840,269,45,15:21:59,15:22:51
-963,125,-8,15:21:59,15:22:51
-1110,123,0,15:21:59,15:22:51
-1138,224,25,15:21:59,15:22:51
-785,501,46,15:21:59,15:22:51
-640,651,98,15:21:59,15:22:51
-644,753,187,15:21:59,15:22:51
-1007,627,245,15:21:59,15:22:51
-1218,415,123,15:21:59,15:22:51
-1331,160,-32,15:21:59,15:22:51
-1296,-36,-116,15:21:59,15:22:51
-987,104,-17,15:21:59,15:22:51
-884,294,27,15:21:59,15:22:51
-861,340,22,15:21:59,15:22:51
-888,241,0,15:21:59,15:22:51
-958,125,-33,15:21:59,15:22:51
-975,160,-51,15:21:59,15:22:51
-984,151,-52,15:21:59,15:22:51
-990,80,-14,15:21:59,15:22:51
-976,-1,109,15:21:59,15:22:51
-973,46,128,15:21:59,15:22:51
-993,118,115,15:21:59,15:22:51
-1033,192,99,15:21:59,15:22:51
-1101,307,114,15:21:59,15:22:51
-1114,327,123,15:21:59,15:22:51
-1111,328,116,15:21:59,15:22:51
-1046,364,131,15:21:59,15:22:51
-1019,405,192,15:21:59,15:22:51
-1021,442,261,15:21:59,15:22:51
-1031,475,300,15:21:59,15:22:51
-933,600,277,15:21:59,15:22:51
-834,669,277,15:21:59,15:22:51
-755,683,297,15:21:59,15:22:51
-717,625,312,15:21:59,15:22:51
-763,441,273,15:21:59,15:22:51
-831,352,254,15:21:59,15:22:51
-901,227,252,15:21:59,15:22:51
-944,70,248,15:21:59,15:22:51
-1016,6,166,15:21:59,15:22:51
-1116,213,138,15:21:59,15:22:51
-1238,485,175,15:21:59,15:22:51
-1318,681,260,15:21:59,15:22:51
-1260,630,305,15:21:59,15:22:51
-1190,444,192,15:21:59,15:22:51
-1150,190,43,15:21:59,15:22:51
-1145,-69,-71,15:21:59,15:22:51
-1099,-110,-88,15:21:59,15:22:51
-987,149,-32,15:21:59,15:22:51
-816,364,37,15:21:59,15:22:51
-541,279,203,15:21:59,15:22:51
-560,158,233,15:21:59,15:22:51
-681,77,187,15:21:59,15:22:51
-835,-11,97,15:21:59,15:22:51
-1025,-209,-5,15:21:59,15:22:51
-1038,-209,-10,15:21:59,15:22:51
-1016,-152,-16,15:21:59,15:22:51
-998,-99,-33,15:21:59,15:22:51
-1048,-79,-39,15:21:59,15:22:51
-1117,-6,-54,15:21:59,15:22:51
-1162,95,-72,15:21:59,15:22:51
-1129,191,-63,15:21:59,15:22:51
-1100,209,-39,15:21:59,15:22:51
-1093,255,-25,15:21:59,15:22:51
-1082,402,-16,15:21:59,15:22:51
-1059,489,37,15:21:59,15:22:51
-1035,582,131,15:21:59,15:22:51
-954,692,272,15:21:59,15:22:51
-869,715,288,15:21:59,15:22:51
-784,733,296,15:21:59,15:22:51
-750,700,294,15:21:59,15:22:51
-849,322,156,15:21:59,15:22:51
-895,118,64,15:21:59,15:22:51
-908,64,35,15:21:59,15:22:51
-928,324,134,15:21:59,15:22:51
-954,429,153,15:21:59,15:22:51
-985,471,148,15:21:59,15:22:51
-1104,565,214,15:21:59,15:22:51
-1201,632,228,15:21:59,15:22:51
-1283,642,149,15:21:59,15:22:51
-1297,542,-3,15:21:59,15:22:51
-1095,100,-175,15:21:59,15:22:51
-969,-7,-104,15:21:59,15:22:51
-872,88,2,15:21:59,15:22:51
-760,428,21,15:21:59,15:22:51
-770,357,-57,15:21:59,15:22:51
-840,156,-107,15:21:59,15:22:51
-940,-11,-94,15:21:59,15:22:51
-1016,-24,-2,15:21:59,15:22:51
-974,3,13,15:21:59,15:22:51
-947,-10,22,15:21:59,15:22:51
-981,-29,39,15:21:59,15:22:51
-1106,79,44,15:21:59,15:22:51
-1085,151,13,15:21:59,15:22:51
-1018,164,-11,15:21:59,15:22:51
-968,137,-6,15:21:59,15:22:51
-1027,162,39,15:21:59,15:22:51
-1077,229,47,15:21:59,15:22:51
-1104,303,54,15:21:59,15:22:51
-1112,388,83,15:21:59,15:22:51
-1087,584,218,15:21:59,15:22:51
-1041,618,280,15:21:59,15:22:51
-988,573,301,15:21:59,15:22:51
-924,439,230,15:21:59,15:22:51
-908,415,198,15:21:59,15:22:51
-909,374,198,15:21:59,15:22:51
-958,290,212,15:21:59,15:22:51
-1179,157,159,15:21:59,15:22:51
-1243,175,60,15:21:59,15:22:51
-1217,243,-42,15:21:59,15:22:51
-1112,366,-55,15:21:59,15:22:51
-911,637,278,15:21:59,15:22:51
-948,581,361,15:21:59,15:22:51
-1084,354,235,15:21:59,15:22:51
-1224,79,20,15:21:59,15:22:51
-1172,-160,-21,15:21:59,15:22:51
-1019,-107,76,15:21:59,15:22:51
-872,0,88,15:21:59,15:22:51
-756,109,36,15:21:59,15:22:51
-655,135,65,15:21:59,15:22:51
-689,71,128,15:21:59,15:22:51
-742,21,142,15:21:59,15:22:51
-783,-40,11,15:21:59,15:22:51
-815,-72,-48,15:21:59,15:22:51
-898,-84,-75,15:21:59,15:22:51
-1025,-66,-89,15:21:59,15:22:51
-1234,8,-150,15:21:59,15:22:51
-1209,53,-164,15:21:59,15:22:51
-1105,101,-139,15:21:59,15:22:51
-1016,153,-93,15:21:59,15:22:51
-1125,299,-56,15:21:59,15:22:51
-1216,376,-50,15:21:59,15:22:51
-1220,429,-17,15:21:59,15:22:51
-1156,462,43,15:21:59,15:22:51
-1089,568,159,15:21:59,15:22:51
-1086,632,195,15:21:59,15:22:51
-1016,667,213,15:21:59,15:22:51
-869,663,207,15:21:59,15:22:51
-702,560,140,15:21:59,15:22:51
-796,446,101,15:21:59,15:22:51
-911,299,55,15:21:59,15:22:51
-950,177,5,15:21:59,15:22:51
-935,214,-26,15:21:59,15:22:51
-1047,347,1,15:21:59,15:22:51
-1211,499,31,15:21:59,15:22:51
-1313,732,40,15:21:59,15:22:51
-1228,708,6,15:21:59,15:22:51
-1151,520,-40,15:21:59,15:22:51
-1127,223,-53,15:21:59,15:22:51
-1058,-103,35,15:21:59,15:22:51
-914,19,7,15:21:59,15:22:51
-739,213,-91,15:21:59,15:22:51
-631,321,-167,15:21:59,15:22:51
-784,104,-62,15:21:59,15:22:51
-925,-52,-1,15:21:59,15:22:51
-998,-128,7,15:21:59,15:22:51
-993,-129,5,15:21:59,15:22:51
-918,-67,96,15:21:59,15:22:51
-922,-25,123,15:21:59,15:22:51
-986,13,86,15:21:59,15:22:51
-1099,30,5,15:21:59,15:22:51
-1217,71,-85,15:21:59,15:22:51
-1161,144,-70,15:21:59,15:22:51
-1103,220,-51,15:21:59,15:22:51
-1099,295,-18,15:21:59,15:22:51
-1089,334,17,15:21:59,15:22:51
-1063,389,63,15:21:59,15:22:51
-1047,447,111,15:21:59,15:22:51
-1029,595,228,15:21:59,15:22:51
-997,685,274,15:21:59,15:22:51
-941,739,285,15:21:59,15:22:51
-853,734,264,15:21:59,15:22:51
-712,585,218,15:21:59,15:22:51
-775,457,199,15:21:59,15:22:51
-904,320,169,15:21:59,15:22:51
-1000,240,140,15:21:59,15:22:51
-975,353,132,15:21:59,15:22:51
-976,416,123,15:21:59,15:22:51
-1031,423,94,15:21:59,15:22:51
-1091,427,62,15:21:59,15:22:51
-1107,568,71,15:21:59,15:22:51
-1106,610,100,15:21:59,15:22:51
-1116,552,107,15:21:59,15:22:51
-1071,89,-15,15:21:59,15:22:51
-1016,-152,-80,15:21:59,15:22:51
-975,-201,-71,15:21:59,15:22:51
-941,-26,8,15:21:59,15:22:51
-774,317,170,15:21:59,15:22:51
-666,254,186,15:21:59,15:22:51
-622,124,168,15:21:59,15:22:51
-668,3,130,15:21:59,15:22:51
-870,-222,16,15:21:59,15:22:51
-948,-256,-26,15:21:59,15:22:51
-1015,-182,-35,15:21:59,15:22:51
-1077,-65,-17,15:21:59,15:22:51
-1110,-4,3,15:21:59,15:22:51
-1093,-11,-29,15:21:59,15:22:51
-1105,26,-83,15:21:59,15:22:51
-1161,95,-136,15:21:59,15:22:51
-1226,212,-149,15:21:59,15:22:51
-1183,264,-106,15:21:59,15:22:51
-1130,336,-46,15:21:59,15:22:51
-1111,429,14,15:21:59,15:22:51
-1151,591,69,15:21:59,15:22:51
-1125,613,73,15:21:59,15:22:51
-1023,601,93,15:21:59,15:22:51
-719,598,146,15:21:59,15:22:51
-662,601,120,15:21:59,15:22:51
-701,550,79,15:21:59,15:22:51
-767,432,64,15:21:59,15:22:51
-807,270,80,15:21:59,15:22:51
-846,335,42,15:21:59,15:22:51
-932,437,-3,15:21:59,15:22:51
-1027,510,-2,15:21:59,15:22:51
-1118,597,130,15:21:59,15:22:51
-1144,637,152,15:21:59,15:22:51
-1168,635,107,15:21:59,15:22:51
-1159,555,28,15:21:59,15:22:51
-1005,136,-73,15:21:59,15:22:51
-958,-37,-57,15:21:59,15:22:51
-978,-25,-13,15:21:59,15:22:51
-1011,135,9,15:21:59,15:22:51
-877,239,-96,15:21:59,15:22:51
-792,116,-131,15:21:59,15:22:51
-804,10,-101,15:21:59,15:22:51
-956,-129,-13,15:21:59,15:22:51
-943,-190,7,15:21:59,15:22:51
-896,-192,49,15:21:59,15:22:51
-900,-147,101,15:21:59,15:22:51
-1083,-155,88,15:21:59,15:22:51
-1130,-182,38,15:21:59,15:22:51
-1116,-155,13,15:21:59,15:22:51
-1093,-86,19,15:21:59,15:22:51
-1130,1,35,15:21:59,15:22:51
-1137,29,31,15:21:59,15:22:51
-1115,91,28,15:21:59,15:22:51
-1093,192,29,15:21:59,15:22:51
-1106,416,25,15:21:59,15:22:51
-1096,501,29,15:21:59,15:22:51
-1055,568,51,15:21:59,15:22:51
-1005,638,103,15:21:59,15:22:51
-960,813,260,15:21:59,15:22:51
-955,832,302,15:21:59,15:22:51
-944,725,291,15:21:59,15:22:51
-921,508,244,15:21:59,15:22:51
-896,111,151,15:21:59,15:22:51
-915,74,123,15:21:59,15:22:51
-940,121,110,15:21:59,15:22:51
-954,255,130,15:21:59,15:22:51
-978,330,157,15:21:59,15:22:51
-1044,419,195,15:21:59,15:22:51
-1128,493,233,15:21:59,15:22:51
-1186,490,154,15:21:59,15:22:51
-1155,336,0,15:21:59,15:22:51
-1121,51,-153,15:21:59,15:22:51
-1088,-214,-199,15:21:59,15:22:51
-928,35,34,15:21:59,15:22:51
-795,336,123,15:21:59,15:22:51
-694,395,121,15:21:59,15:22:51
-670,223,85,15:21:59,15:22:51
-733,40,129,15:21:59,15:22:51
-760,68,159,15:21:59,15:22:51
-835,-6,126,15:21:59,15:22:51
-979,-170,45,15:21:59,15:22:51
-1176,-254,-3,15:21:59,15:22:51
-1141,-133,57,15:21:59,15:22:51
-1108,-16,90,15:21:59,15:22:51
-1138,53,46,15:21:59,15:22:51
-1198,88,-41,15:21:59,15:22:51
-1212,116,-103,15:21:59,15:22:51
-1114,200,-64,15:21:59,15:22:51
-1090,251,-30,15:21:59,15:22:51
-1077,298,-10,15:21:59,15:22:51
-1040,358,12,15:21:59,15:22:51
-989,446,47,15:21:59,15:22:51
-961,548,74,15:21:59,15:22:51
-956,689,70,15:21:59,15:22:51
-900,737,98,15:21:59,15:22:51
-791,796,166,15:21:59,15:22:51
-666,864,227,15:21:59,15:22:51
-582,911,235,15:21:59,15:22:51
-581,878,195,15:21:59,15:22:51
-656,718,146,15:21:59,15:22:51
-752,465,123,15:21:59,15:22:51
-812,191,126,15:21:59,15:22:51
-805,311,111,15:21:59,15:22:51
-833,483,86,15:21:59,15:22:51
-890,594,80,15:21:59,15:22:51
-922,645,116,15:21:59,15:22:51
-887,694,185,15:21:59,15:22:51
-835,676,203,15:21:59,15:22:51
-990,492,65,15:21:59,15:22:51
-1237,266,-115,15:21:59,15:22:51
-1417,126,-211,15:21:59,15:22:51
-1402,126,-150,15:21:59,15:22:51
-1201,220,3,15:21:59,15:22:51
-955,327,104,15:21:59,15:22:51
-824,361,-11,15:21:59,15:22:51
-924,234,-48,15:21:59,15:22:51
-1013,58,-3,15:21:59,15:22:51
-1038,-65,58,15:21:59,15:22:51
-1009,-77,70,15:21:59,15:22:51
-964,-16,41,15:21:59,15:22:51
-934,34,28,15:21:59,15:22:51
-994,61,117,15:21:59,15:22:51
-1078,101,139,15:21:59,15:22:51
-1141,142,117,15:21:59,15:22:51
-1142,154,88,15:21:59,15:22:51
-1089,150,83,15:21:59,15:22:51
-1034,172,96,15:21:59,15:22:51
-1019,243,106,15:21:59,15:22:51
-1056,445,113,15:21:59,15:22:51
-1043,511,120,15:21:59,15:22:51
-998,541,119,15:21:59,15:22:51
-942,554,116,15:21:59,15:22:51
-895,581,140,15:21:59,15:22:51
-857,647,204,15:21:59,15:22:51
-809,749,285,15:21:59,15:22:51
-749,851,343,15:21:59,15:22:51
-646,926,345,15:21:59,15:22:51
-628,903,324,15:21:59,15:22:51
-639,835,307,15:21:59,15:22:51
-688,687,294,15:21:59,15:22:51
-775,467,286,15:21:59,15:22:51
-877,266,285,15:21:59,15:22:51
-959,177,285,15:21:59,15:22:51
-1030,277,242,15:21:59,15:22:51
-1058,402,228,15:21:59,15:22:51
-1078,589,258,15:21:59,15:22:51
-1062,791,315,15:21:59,15:22:51
-1014,885,334,15:21:59,15:22:51
-978,784,265,15:21:59,15:22:51
-997,505,129,15:21:59,15:22:51
-1156,-89,-37,15:21:59,15:22:51
-1192,-102,12,15:21:59,15:22:51
-1137,119,115,15:21:59,15:22:51
-988,389,212,15:21:59,15:22:51
-796,479,253,15:21:59,15:22:51
-632,358,223,15:21:59,15:22:51
-595,37,71,15:21:59,15:22:51
-760,-110,3,15:21:59,15:22:51
-988,-307,-55,15:21:59,15:22:51
-1139,-441,-87,15:21:59,15:22:51
-1109,-380,-56,15:21:59,15:22:51
-963,-187,32,15:21:59,15:22:51
-886,-61,114,15:21:59,15:22:51
-1165,-149,52,15:21:59,15:22:51
-1258,-101,-22,15:21:59,15:22:51
-1216,43,-47,15:21:59,15:22:51
-1134,177,-22,15:21:59,15:22:51
-1112,249,10,15:21:59,15:22:51
-1154,304,23,15:21:59,15:22:51
-1203,390,23,15:21:59,15:22:51
-1208,588,92,15:21:59,15:22:51
-1164,658,182,15:21:59,15:22:51
-1072,741,291,15:21:59,15:22:51
-921,853,382,15:21:59,15:22:51
-748,927,406,15:21:59,15:22:51
-633,839,346,15:21:59,15:22:51
-748,185,179,15:21:59,15:22:51
-889,10,167,15:21:59,15:22:51
-977,114,179,15:21:59,15:22:51
-985,356,179,15:21:59,15:22:51
-942,533,186,15:21:59,15:22:51
-898,606,231,15:21:59,15:22:51
-889,663,298,15:21:59,15:22:51
-921,740,319,15:21:59,15:22:51
-1046,679,145,15:21:59,15:22:51
-1089,504,59,15:21:59,15:22:51
-1086,300,19,15:21:59,15:22:51
-1047,122,-9,15:21:59,15:22:51
-1018,33,-40,15:21:59,15:22:51
-1019,77,-46,15:21:59,15:22:51
-1012,199,-3,15:21:59,15:22:51
-880,224,75,15:21:59,15:22:51
-841,118,49,15:21:59,15:22:51
-862,43,31,15:21:59,15:22:51
-908,5,70,15:21:59,15:22:51
-942,-52,147,15:21:59,15:22:51
-970,-156,189,15:21:59,15:22:51
-1001,-259,161,15:21:59,15:22:51
-1021,-290,105,15:21:59,15:22:51
-1014,-221,90,15:21:59,15:22:51
-1028,11,154,15:21:59,15:22:51
-1086,49,117,15:21:59,15:22:51
-1135,37,30,15:21:59,15:22:51
-1144,25,-46,15:21:59,15:22:51
-1122,58,-70,15:21:59,15:22:51
-1101,157,-47,15:21:59,15:22:51
-1090,432,-6,15:21:59,15:22:51
-1078,510,-6,15:21:59,15:22:51
-1056,539,18,15:21:59,15:22:51
-1025,569,97,15:21:59,15:22:51
-982,640,206,15:21:59,15:22:51
-924,735,275,15:21:59,15:22:51
-854,790,250,15:21:59,15:22:51
-781,756,153,15:21:59,15:22:51
-693,547,70,15:21:59,15:22:51
-724,471,130,15:21:59,15:22:51
-802,385,184,15:21:59,15:22:51
-890,243,184,15:21:59,15:22:51
-968,92,138,15:21:59,15:22:51
-1056,58,78,15:21:59,15:22:51
-1162,213,34,15:21:59,15:22:51
-1244,474,31,15:21:59,15:22:51
-1190,672,149,15:21:59,15:22:51
-1132,562,165,15:21:59,15:22:51
-1115,458,95,15:21:59,15:22:51
-1113,385,-4,15:21:59,15:22:51
-1085,269,-47,15:21:59,15:22:51
-1041,97,-10,15:21:59,15:22:51
-1010,-13,42,15:21:59,15:22:51
-978,36,58,15:21:59,15:22:51
-762,276,76,15:21:59,15:22:51
-625,254,142,15:21:59,15:22:51
-570,166,202,15:21:59,15:22:51
-634,62,199,15:21:59,15:22:51
-778,-54,134,15:21:59,15:22:51
-911,-163,59,15:21:59,15:22:51
-959,-206,27,15:21:59,15:22:51
-938,-162,39,15:21:59,15:22:51
-1019,-49,2,15:21:59,15:22:51
-1144,-52,-83,15:21:59,15:22:51
-1217,-42,-156,15:21:59,15:22:51
-1207,21,-174,15:21:59,15:22:51
-1172,130,-156,15:21:59,15:22:51
-1179,244,-149,15:21:59,15:22:51
-1222,333,-172,15:21:59,15:22:51
-1176,433,-146,15:21:59,15:22:51
-1065,482,-47,15:21:59,15:22:51
-977,553,56,15:21:59,15:22:51
-965,647,108,15:21:59,15:22:51
-1015,731,95,15:21:59,15:22:51
-1046,756,56,15:21:59,15:22:51
-992,712,37,15:21:59,15:22:51
-869,636,48,15:21:59,15:22:51
-774,553,57,15:21:59,15:22:51
-878,292,-9,15:21:59,15:22:51
-965,203,-34,15:21:59,15:22:51
-993,256,-15,15:21:59,15:22:51
-984,413,20,15:21:59,15:22:51
-986,549,22,15:21:59,15:22:51
-1018,606,-26,15:21:59,15:22:51
-1070,638,-91,15:21:59,15:22:51
-1115,697,-116,15:21:59,15:22:51
-1082,717,-44,15:21:59,15:22:51
-1014,540,-51,15:21:59,15:22:51
-958,247,-114,15:21:59,15:22:51
-932,-30,-182,15:21:59,15:22:51
-914,-126,-192,15:21:59,15:22:51
-877,7,-119,15:21:59,15:22:51
-826,218,-3,15:21:59,15:22:51
-798,294,79,15:21:59,15:22:51
-861,39,27,15:21:59,15:22:51
-903,-26,-37,15:21:59,15:22:51
-935,-19,-70,15:21:59,15:22:51
-972,-13,-67,15:21:59,15:22:51
-1025,-19,-42,15:21:59,15:22:51
-1083,0,-17,15:21:59,15:22:51
-1124,37,-13,15:21:59,15:22:51
-1125,36,-41,15:21:59,15:22:51
-1045,-70,-109,15:21:59,15:22:51
-1033,-54,-89,15:21:59,15:22:51
-1058,37,-32,15:21:59,15:22:51
-1084,159,27,15:21:59,15:22:51
-1078,269,54,15:21:59,15:22:51
-1052,345,33,15:21:59,15:22:51
-1041,380,-16,15:21:59,15:22:51
-1051,396,-55,15:21:59,15:22:51
-1039,499,-14,15:21:59,15:22:51
-988,577,32,15:21:59,15:22:51
-918,624,75,15:21:59,15:22:51
-854,646,112,15:21:59,15:22:51
-807,681,135,15:21:59,15:22:51
-768,741,136,15:21:59,15:22:51
-710,787,119,15:21:59,15:22:51
-623,738,96,15:21:59,15:22:51
-693,683,93,15:21:59,15:22:51
-817,626,89,15:21:59,15:22:51
-921,538,90,15:21:59,15:22:51
-968,409,97,15:21:59,15:22:51
-986,286,99,15:21:59,15:22:51
-1003,237,87,15:21:59,15:22:51
-1017,291,72,15:21:59,15:22:51
-1021,411,73,15:21:59,15:22:51
-1092,628,145,15:21:59,15:22:51
-1179,690,188,15:21:59,15:22:51
-1239,736,209,15:21:59,15:22:51
-1211,729,182,15:21:59,15:22:51
-1094,585,96,15:21:59,15:22:51
-957,288,-15,15:21:59,15:22:51
-869,-6,-82,15:21:59,15:22:51
-835,-73,-58,15:21:59,15:22:51
-769,394,127,15:21:59,15:22:51
-748,462,162,15:21:59,15:22:51
-762,313,141,15:21:59,15:22:51
-777,126,102,15:21:59,15:22:51
-765,36,67,15:21:59,15:22:51
-766,4,19,15:21:59,15:22:51
-846,-68,-61,15:21:59,15:22:51
-993,-175,-148,15:21:59,15:22:51
-1091,-104,-115,15:21:59,15:22:51
-1020,67,-25,15:21:59,15:22:51
-1008,179,0,15:21:59,15:22:51
-1091,184,-67,15:21:59,15:22:51
-1184,152,-166,15:21:59,15:22:51
-1204,177,-222,15:21:59,15:22:51
-1168,276,-216,15:21:59,15:22:51
-1152,396,-176,15:21:59,15:22:51
-1208,579,-42,15:21:59,15:22:51
-1182,635,38,15:21:59,15:22:51
-1110,661,99,15:21:59,15:22:51
-1031,685,134,15:21:59,15:22:51
-962,746,163,15:21:59,15:22:51
-886,818,191,15:21:59,15:22:51
-691,652,132,15:21:59,15:22:51
-645,463,69,15:21:59,15:22:51
-676,359,64,15:21:59,15:22:51
-756,356,111,15:21:59,15:22:51
-838,376,134,15:21:59,15:22:51
-899,387,88,15:21:59,15:22:51
-942,437,22,15:21:59,15:22:51
-978,559,18,15:21:59,15:22:51
-1056,789,138,15:21:59,15:22:51
-1108,781,125,15:21:59,15:22:51
-1149,698,63,15:21:59,15:22:51
-1154,550,9,15:21:59,15:22:51
-1122,347,-25,15:21:59,15:22:51
-1072,157,-65,15:21:59,15:22:51
-1019,97,-105,15:21:59,15:22:51
-968,206,-96,15:21:59,15:22:51
-918,370,-23,15:21:59,15:22:51
-865,333,52,15:21:59,15:22:51
-872,202,-14,15:21:59,15:22:51
-887,142,-76,15:21:59,15:22:51
-899,143,-78,15:21:59,15:22:51
-908,123,-31,15:21:59,15:22:51
-919,51,16,15:21:59,15:22:51
-932,-22,41,15:21:59,15:22:51
-942,-39,56,15:21:59,15:22:51
-983,15,74,15:21:59,15:22:51
-1036,5,52,15:21:59,15:22:51
-1097,-6,20,15:21:59,15:22:51
-1135,17,3,15:21:59,15:22:51
-1132,78,4,15:21:59,15:22:51
-1104,145,3,15:21:59,15:22:51
-1085,197,-7,15:21:59,15:22:51
-1093,244,-13,15:21:59,15:22:51
-1091,394,38,15:21:59,15:22:51
-1043,474,74,15:21:59,15:22:51
-982,533,101,15:21:59,15:22:51
-937,577,123,15:21:59,15:22:51
-923,627,150,15:21:59,15:22:51
-927,687,186,15:21:59,15:22:51
-925,737,230,15:21:59,15:22:51
-839,732,297,15:21:59,15:22:51
-793,677,292,15:21:59,15:22:51
-782,572,257,15:21:59,15:22:51
-823,391,206,15:21:59,15:22:51
-912,172,163,15:21:59,15:22:51
-1019,28,149,15:21:59,15:22:51
-1092,69,163,15:21:59,15:22:51
-1091,292,199,15:21:59,15:22:51
-983,728,305,15:21:59,15:22:51
-1001,712,313,15:21:59,15:22:51
-1074,598,246,15:21:59,15:22:51
-1135,525,130,15:21:59,15:22:51
-1131,516,31,15:21:59,15:22:51
-1078,457,-23,15:21:59,15:22:51
-1034,278,-60,15:21:59,15:22:51
-1028,112,-90,15:21:59,15:22:51
-1023,136,-73,15:21:59,15:22:51
-834,460,157,15:21:59,15:22:51
-720,408,233,15:21:59,15:22:51
-689,230,200,15:21:59,15:22:51
-744,56,97,15:21:59,15:22:51
-823,-59,3,15:21:59,15:22:51
-875,-123,-42,15:21:59,15:22:51
-902,-139,-62,15:21:59,15:22:51
-992,-90,-117,15:21:59,15:22:51
-1056,-68,-130,15:21:59,15:22:51
-1106,-32,-127,15:21:59,15:22:51
-1132,19,-139,15:21:59,15:22:51
-1142,62,-178,15:21:59,15:22:51
-1145,89,-217,15:21:59,15:22:51
-1178,246,-171,15:21:59,15:22:51
-1198,376,-114,15:21:59,15:22:51
-1188,470,-78,15:21:59,15:22:51
-1057,537,-32,15:21:59,15:22:51
-993,579,11,15:21:59,15:22:51
-953,627,48,15:21:59,15:22:51
-917,664,58,15:21:59,15:22:51
-725,763,79,15:21:59,15:22:51
-598,818,131,15:21:59,15:22:51
-539,783,168,15:21:59,15:22:51
-588,607,147,15:21:59,15:22:51
-839,220,30,15:21:59,15:22:51
-916,251,36,15:21:59,15:22:51
-945,404,92,15:21:59,15:22:51
-955,558,158,15:21:59,15:22:51
-1010,677,176,15:21:59,15:22:51
-1066,708,116,15:21:59,15:22:51
-1110,752,46,15:21:59,15:22:51
-1115,775,0,15:21:59,15:22:51
-1046,523,-83,15:21:59,15:22:51
-1021,256,-173,15:21:59,15:22:51
-1004,69,-242,15:21:59,15:22:51
-895,273,-111,15:21:59,15:22:51
-805,416,-4,15:21:59,15:22:51
-751,378,23,15:21:59,15:22:51
-771,221,-17,15:21:59,15:22:51
-902,72,-23,15:21:59,15:22:51
-909,67,41,15:21:59,15:22:51
-897,14,89,15:21:59,15:22:51
-921,-58,93,15:21:59,15:22:51
-1088,-78,17,15:21:59,15:22:51
-1149,-76,-39,15:21:59,15:22:51
-1173,-104,-95,15:21:59,15:22:51
-1180,-116,-126,15:21:59,15:22:51
-1177,21,-101,15:21:59,15:22:51
-1161,104,-88,15:21:59,15:22:51
-1144,164,-88,15:21:59,15:22:51
-1137,223,-82,15:21:59,15:22:51
-1133,426,-8,15:21:59,15:22:51
-1112,545,34,15:21:59,15:22:51
-1077,624,66,15:21:59,15:22:51
-967,602,159,15:21:59,15:22:51
-889,579,219,15:21:59,15:22:51
-813,600,246,15:21:59,15:22:51
-754,634,228,15:21:59,15:22:51
-707,567,177,15:21:59,15:22:51
-724,482,181,15:21:59,15:22:51
-777,393,175,15:21:59,15:22:51
-848,310,148,15:21:59,15:22:51
-923,284,144,15:21:59,15:22:51
-923,383,189,15:21:59,15:22:51
-941,505,212,15:21:59,15:22:51
-1053,622,130,15:21:59,15:22:51
-1084,639,114,15:21:59,15:22:51
-1073,657,135,15:21:59,15:22:51
-1040,651,139,15:21:59,15:22:51
-998,365,27,15:21:59,15:22:51
-1003,137,31,15:21:59,15:22:51
-1009,30,121,15:21:59,15:22:51
-981,126,234,15:21:59,15:22:51
-771,431,265,15:21:59,15:22:51
-681,345,195,15:21:59,15:22:51
-679,153,123,15:21:59,15:22:51
-751,-2,59,15:21:59,15:22:51
-888,-49,-46,15:21:59,15:22:51
-937,-26,-54,15:21:59,15:22:51
-1018,-13,-30,15:21:59,15:22:51
-1106,-10,-11,15:21:59,15:22:51
-1089,15,-72,15:21:59,15:22:51
-1034,46,-112,15:21:59,15:22:51
-1043,78,-133,15:21:59,15:22:51
-1166,161,-146,15:21:59,15:22:51
-1182,231,-136,15:21:59,15:22:51
-1175,317,-109,15:21:59,15:22:51
-1174,411,-77,15:21:59,15:22:51
-1156,578,-29,15:21:59,15:22:51
-1111,622,11,15:21:59,15:22:51
-1052,634,68,15:21:59,15:22:51
-979,641,125,15:21:59,15:22:51
-722,700,181,15:21:59,15:22:51
-588,729,200,15:21:59,15:22:51
-522,735,226,15:21:59,15:22:51
-509,719,239,15:21:59,15:22:51
-397,739,102,15:21:59,15:22:51
-304,829,-35,15:21:59,15:22:51
-255,941,-150,15:21:59,15:22:51
-248,1017,-209,15:21:59,15:22:51
-201,1020,-228,15:21:59,15:22:51
-152,1004,-234,15:21:59,15:22:51
-116,993,-247,15:21:59,15:22:51
-98,988,-277,15:21:59,15:22:51
-81,1004,-364,15:21:59,15:22:51
-90,991,-373,15:21:59,15:22:51
-118,943,-356,15:21:59,15:22:51
-166,848,-354,15:21:59,15:22:51
-155,837,-384,15:21:59,15:22:51
-127,831,-414,15:21:59,15:22:51
-99,818,-432,15:21:59,15:22:51
-91,785,-433,15:21:59,15:22:51
-115,762,-434,15:21:59,15:22:51
-136,753,-447,15:21:59,15:22:51
-136,775,-475,15:21:59,15:22:51
-119,830,-525,15:21:59,15:22:51
-129,816,-531,15:21:59,15:22:51
-136,800,-528,15:21:59,15:22:51
-133,805,-523,15:21:59,15:22:51
-150,823,-488,15:21:59,15:22:51
-185,818,-464,15:21:59,15:22:51
-222,832,-455,15:21:59,15:22:51
-246,875,-466,15:21:59,15:22:51
-274,927,-515,15:21:59,15:22:51
-300,911,-519,15:21:59,15:22:51
-335,903,-496,15:21:59,15:22:51
-388,922,-338,15:21:59,15:22:51
-404,877,-198,15:21:59,15:22:51
-434,779,-51,15:21:59,15:22:51
-491,671,56,15:21:59,15:22:51
-627,599,110,15:21:59,15:22:51
-662,643,114,15:21:59,15:22:51
-676,701,131,15:21:59,15:22:51
-688,734,148,15:21:59,15:22:51
-750,658,150,15:21:59,15:22:51
-782,606,157,15:21:59,15:22:51
-804,582,186,15:21:59,15:22:51
-828,551,234,15:21:59,15:22:51
-935,363,309,15:21:59,15:22:51
-965,308,321,15:21:59,15:22:51
-935,327,337,15:21:59,15:22:51
-870,355,367,15:21:59,15:22:51
-846,265,391,15:21:59,15:22:51
-885,226,353,15:21:59,15:22:51
-898,238,301,15:21:59,15:22:51
-862,261,245,15:21:59,15:22:51
-879,234,239,15:21:59,15:22:51
-923,208,228,15:21:59,15:22:51
-964,203,208,15:21:59,15:22:51
-998,228,175,15:21:59,15:22:51
-1009,225,159,15:21:59,15:22:51
-1008,207,134,15:21:59,15:22:51
-980,183,107,15:21:59,15:22:51
-909,162,92,15:21:59,15:22:51
-917,176,96,15:21:59,15:22:51
-950,198,96,15:21:59,15:22:51
-983,205,83,15:21:59,15:22:51
-968,183,77,15:21:59,15:22:51
-954,165,71,15:21:59,15:22:51
-953,170,64,15:21:59,15:22:51
-986,223,36,15:21:59,15:22:51
-1000,231,14,15:21:59,15:22:51
-997,211,-2,15:21:59,15:22:51
-978,180,-8,15:21:59,15:22:51
-961,169,-7,15:21:59,15:22:51
-984,190,-19,15:21:59,15:22:51
-1008,200,-36,15:21:59,15:22:51
-1011,183,-48,15:21:59,15:22:51
-965,119,-65,15:21:59,15:22:51
-952,123,-75,15:21:59,15:22:51
-955,152,-83,15:21:59,15:22:51
-974,178,-79,15:21:59,15:22:51
-975,161,-68,15:21:59,15:22:51
-972,148,-53,15:21:59,15:22:51
-962,147,-26,15:21:59,15:22:51
-959,141,-20,15:21:59,15:22:51
